FUN_000041-T1	K14191
FUN_000049-T1	K11136
FUN_000050-T1	K14788
FUN_000054-T1	K12598
FUN_000055-T1	K05360
FUN_000064-T1	K04543
FUN_000065-T1
FUN_000073-T1	K09699
FUN_000080-T1
FUN_000084-T1
FUN_000086-T1	K11268
FUN_000090-T1
FUN_000093-T1
FUN_000094-T1
FUN_000104-T1	K07963
FUN_000110-T1
FUN_000111-T1
FUN_000116-T1	K06694
FUN_000118-T1
FUN_000143-T1	K18460
FUN_000168-T1
FUN_000213-T1
FUN_000221-T1	K14455
FUN_000225-T1	K19530
FUN_000230-T1
FUN_000235-T1	K11883
FUN_000255-T1	K10734
FUN_000259-T1	K20294
FUN_000261-T1
FUN_000264-T1	K05929
FUN_000269-T1	K11971
FUN_000295-T1	K15162
FUN_000308-T1
FUN_000320-T1	K09873
FUN_000321-T1	K08706
FUN_000322-T1
FUN_000336-T1
FUN_000338-T1	K02988
FUN_000362-T1	K15214
FUN_000377-T1
FUN_000378-T1
FUN_000390-T1
FUN_000401-T1
FUN_000421-T1	K17550
FUN_000422-T1	K10858
FUN_000424-T1	K04346
FUN_000427-T1	K01756
FUN_000428-T1
FUN_000431-T1
FUN_000440-T1	K01756
FUN_000441-T1
FUN_000451-T1	K12603
FUN_000453-T1	K00261
FUN_000461-T1	K02427
FUN_000464-T1
FUN_000492-T1
FUN_000495-T1	K13336
FUN_000536-T1
FUN_000570-T1
FUN_000602-T1	K02520
FUN_000617-T1	K01446
FUN_000618-T1	K03575
FUN_000635-T1	K03331
FUN_000645-T1	K10743
FUN_000646-T1
FUN_000685-T1	K01362
FUN_000698-T1
FUN_000716-T1
FUN_000727-T1
FUN_000753-T1	K09228
FUN_000754-T1	K09523
FUN_000772-T1
FUN_000783-T1	K14318
FUN_000802-T1	K15225
FUN_000808-T1
FUN_000819-T1	K08073
FUN_000820-T1
FUN_000825-T1
FUN_000841-T1	K16475
FUN_000845-T1	K06254
FUN_000849-T1	K07277
FUN_000863-T1	K15682
FUN_000883-T1	K12479
FUN_000892-T1
FUN_000915-T1	K00252
FUN_000922-T1	K01835
FUN_000951-T1
FUN_000973-T1
FUN_000985-T1	K04163
FUN_001018-T1	K11663
FUN_001019-T1
FUN_001025-T1
FUN_001037-T1
FUN_001039-T1
FUN_001042-T1
FUN_001043-T1
FUN_001044-T1
FUN_001062-T1	K12829
FUN_001063-T1	K12592
FUN_001076-T1	K05699
FUN_001077-T1	K03348
FUN_001084-T1
FUN_001127-T1
FUN_001143-T1
FUN_001172-T1
FUN_001182-T1	K01755
FUN_001213-T1
FUN_001223-T1
FUN_001224-T1	K02992
FUN_001225-T1
FUN_001238-T1	K11269
FUN_001245-T1	K14636
FUN_001256-T1	K00121
FUN_001266-T1	K14165
FUN_001284-T1	K14704
FUN_001303-T1	K05387
FUN_001304-T1	K05200
FUN_001343-T1	K12566
FUN_001368-T1
FUN_001412-T1
FUN_001414-T1
FUN_001428-T1	K14558
FUN_001430-T1
FUN_001473-T1	K19946
FUN_001493-T1	K03438
FUN_001500-T1
FUN_001505-T1	K06883
FUN_001525-T1	K18585
FUN_001526-T1	K20095
FUN_001531-T1	K20723
FUN_001532-T1	K00654
FUN_001535-T1
FUN_001536-T1
FUN_001564-T1	K05038
FUN_001587-T1	K06693
FUN_001588-T1	K15182
FUN_001591-T1	K18407
FUN_001596-T1	K06753
FUN_001597-T1
FUN_001604-T1	K11131
FUN_001605-T1	K16763
FUN_001611-T1	K17890
FUN_001613-T1
FUN_001614-T1
FUN_001615-T1
FUN_001632-T1
FUN_001645-T1	K00809
FUN_001670-T1
FUN_001671-T1	K00254
FUN_001675-T1	K18245
FUN_001688-T1	K04461
FUN_001696-T1	K22537
FUN_001699-T1	K11673
FUN_001734-T1	K20307
FUN_001792-T1	K09228
FUN_001811-T1
FUN_001817-T1
FUN_001904-T1	K12860
FUN_001908-T1
FUN_001951-T1
FUN_001960-T1	K01230
FUN_001963-T1	K16588
FUN_002009-T1	K11795
FUN_002022-T1
FUN_002026-T1	K02330
FUN_002028-T1	K11308
FUN_002031-T1	K09084
FUN_002034-T1
FUN_002050-T1
FUN_002062-T1
FUN_002095-T1	K00106
FUN_002096-T1
FUN_002108-T1
FUN_002118-T1
FUN_002126-T1	K11290
FUN_002127-T1
FUN_002138-T1
FUN_002140-T1	K08015
FUN_002141-T1
FUN_002142-T1
FUN_002143-T1
FUN_002150-T1
FUN_002155-T1	K08218
FUN_002162-T1	K15595
FUN_002170-T1
FUN_002172-T1
FUN_002174-T1	K07374
FUN_002175-T1
FUN_002176-T1
FUN_002177-T1	K09487
FUN_002179-T1	K06176
FUN_002181-T1
FUN_002183-T1	K00966
FUN_002185-T1
FUN_002191-T1
FUN_002199-T1
FUN_002202-T1	K09572
FUN_002224-T1	K10737
FUN_002232-T1	K14167
FUN_002240-T1	K21843
FUN_002260-T1
FUN_002262-T1
FUN_002273-T1
FUN_002287-T1
FUN_002289-T1	K03386
FUN_002296-T1	K11129
FUN_002323-T1
FUN_002326-T1	K15627
FUN_002327-T1	K09288
FUN_002338-T1	K18123
FUN_002344-T1
FUN_002345-T1
FUN_002355-T1	K05309
FUN_002358-T1	K08749
FUN_002363-T1	K00758
FUN_002364-T1
FUN_002365-T1
FUN_002376-T1
FUN_002382-T1
FUN_002410-T1
FUN_002417-T1	K03143
FUN_002418-T1	K05357
FUN_002423-T1
FUN_002425-T1
FUN_002443-T1	K09510
FUN_002444-T1
FUN_002445-T1	K04468
FUN_002449-T1
FUN_002450-T1
FUN_002482-T1	K15441
FUN_002483-T1	K00905
FUN_002487-T1
FUN_002540-T1	K06632
FUN_002556-T1
FUN_002563-T1	K14769
FUN_002567-T1	K02996
FUN_002583-T1	K12662
FUN_002584-T1	K14950
FUN_002591-T1	K13152
FUN_002592-T1
FUN_002602-T1
FUN_002619-T1	K01128
FUN_002621-T1	K14401
FUN_002625-T1
FUN_002638-T1
FUN_002639-T1	K01283
FUN_002659-T1	K21772
FUN_002662-T1
FUN_002663-T1	K21853
FUN_002669-T1
FUN_002678-T1	K01598
FUN_002690-T1	K11511
FUN_002691-T1
FUN_002701-T1	K04487
FUN_002703-T1	K07847
FUN_002710-T1
FUN_002722-T1	K06972
FUN_002723-T1	K14790
FUN_002727-T1
FUN_002742-T1
FUN_002776-T1
FUN_002777-T1	K18660
FUN_002787-T1
FUN_002800-T1	K03363
FUN_002829-T1
FUN_002833-T1
FUN_002853-T1	K06240
FUN_002857-T1
FUN_002858-T1	K12475
FUN_002864-T1	K06639
FUN_002880-T1	K10080
FUN_002889-T1
FUN_002906-T1
FUN_002907-T1	K14815
FUN_002909-T1	K06630
FUN_002910-T1	K15361
FUN_002912-T1	K15361
FUN_002921-T1
FUN_002923-T1
FUN_002925-T1	K02906
FUN_002937-T1
FUN_002974-T1	K10370
FUN_002985-T1	K22066
FUN_002993-T1	K17382
FUN_002995-T1
FUN_002996-T1	K14830
FUN_002999-T1	K19383
FUN_003004-T1	K10866
FUN_003018-T1
FUN_003057-T1	K18258
FUN_003064-T1	K14720
FUN_003071-T1	K06963
FUN_003102-T1	K11251
FUN_003108-T1
FUN_003124-T1	K01017
FUN_003174-T1
FUN_003175-T1
FUN_003179-T1	K00507
FUN_003180-T1
FUN_003188-T1
FUN_003207-T1	K03504
FUN_003229-T1
FUN_003238-T1
FUN_003247-T1	K00683
FUN_003249-T1	K15865
FUN_003258-T1	K07566
FUN_003269-T1
FUN_003271-T1	K10848
FUN_003280-T1
FUN_003284-T1	K17932
FUN_003290-T1	K04599
FUN_003304-T1
FUN_003320-T1
FUN_003323-T1	K07752
FUN_003324-T1
FUN_003332-T1	K14648
FUN_003340-T1
FUN_003356-T1
FUN_003363-T1	K18418
FUN_003373-T1	K19828
FUN_003379-T1	K03424
FUN_003386-T1	K18423
FUN_003397-T1
FUN_003399-T1	K11672
FUN_003403-T1	K11810
FUN_003414-T1
FUN_003415-T1	K03766
FUN_003416-T1	K20251
FUN_003417-T1	K13102
FUN_003439-T1
FUN_003445-T1	K04863
FUN_003464-T1
FUN_003480-T1
FUN_003482-T1	K03331
FUN_003483-T1
FUN_003498-T1	K06571
FUN_003504-T1	K17350
FUN_003515-T1
FUN_003530-T1	K04458
FUN_003532-T1	K18157
FUN_003533-T1	K10251
FUN_003534-T1
FUN_003578-T1
FUN_003589-T1
FUN_003590-T1
FUN_003591-T1
FUN_003593-T1	K20828
FUN_003610-T1	K14303
FUN_003617-T1
FUN_003625-T1	K01285
FUN_003629-T1	K13617
FUN_003675-T1	K01254
FUN_003677-T1	K02540
FUN_003761-T1
FUN_003777-T1
FUN_003794-T1
FUN_003819-T1	K20162
FUN_003821-T1
FUN_003829-T1	K20174
FUN_003831-T1
FUN_003839-T1	K00476
FUN_003843-T1	K03130
FUN_003880-T1	K07189
FUN_003883-T1	K01872
FUN_003885-T1	K11506
FUN_003928-T1
FUN_003955-T1	K15146
FUN_003970-T1	K14556
FUN_003975-T1
FUN_004006-T1	K00558
FUN_004012-T1
FUN_004046-T1	K12607
FUN_004061-T1
FUN_004072-T1	K08136
FUN_004080-T1	K06843
FUN_004084-T1	K14325
FUN_004085-T1
FUN_004087-T1	K10747
FUN_004098-T1	K06134
FUN_004105-T1	K12852
FUN_004108-T1
FUN_004111-T1	K05396
FUN_004129-T1	K16591
FUN_004139-T1
FUN_004154-T1	K06883
FUN_004155-T1
FUN_004158-T1	K02210
FUN_004159-T1	K12883
FUN_004160-T1
FUN_004161-T1	K12947
FUN_004173-T1	K06629
FUN_004174-T1	K01131
FUN_004189-T1
FUN_004190-T1
FUN_004192-T1
FUN_004203-T1
FUN_004206-T1	K12663
FUN_004211-T1	K01511
FUN_004227-T1	K06826
FUN_004270-T1	K06237
FUN_004273-T1	K09866
FUN_004295-T1	K08756
FUN_004312-T1
FUN_004314-T1	K04550
FUN_004318-T1
FUN_004349-T1	K11507
FUN_004350-T1
FUN_004362-T1	K08801
FUN_004383-T1
FUN_004407-T1	K11996
FUN_004468-T1	K09407
FUN_004481-T1
FUN_004483-T1
FUN_004502-T1
FUN_004536-T1
FUN_004575-T1	K01551
FUN_004578-T1	K12076
FUN_004608-T1	K22530
FUN_004622-T1
FUN_004628-T1
FUN_004634-T1
FUN_004637-T1	K07190
FUN_004642-T1	K21198
FUN_004647-T1	K10406
FUN_004675-T1
FUN_004676-T1	K02516
FUN_004677-T1	K00565
FUN_004693-T1	K01758
FUN_004699-T1	K01148
FUN_004704-T1
FUN_004705-T1
FUN_004711-T1
FUN_004735-T1
FUN_004736-T1
FUN_004752-T1
FUN_004753-T1
FUN_004763-T1	K04805
FUN_004764-T1	K14320
FUN_004780-T1	K00604
FUN_004791-T1	K00586
FUN_004832-T1
FUN_004861-T1	K10314
FUN_004873-T1
FUN_004893-T1	K11125
FUN_004919-T1
FUN_004921-T1	K22503
FUN_004926-T1	K10523
FUN_004936-T1
FUN_004966-T1	K14557
FUN_004998-T1
FUN_005014-T1	K12606
FUN_005025-T1	K07561
FUN_005030-T1
FUN_005034-T1
FUN_005040-T1	K01443
FUN_005041-T1
FUN_005042-T1
FUN_005060-T1
FUN_005064-T1	K03355
FUN_005071-T1
FUN_005072-T1
FUN_005076-T1
FUN_005080-T1	K17419
FUN_005084-T1	K15280
FUN_005085-T1	K15335
FUN_005089-T1
FUN_005104-T1
FUN_005105-T1
FUN_005114-T1
FUN_005153-T1
FUN_005159-T1	K08840
FUN_005172-T1
FUN_005183-T1	K02878
FUN_005187-T1	K14779
FUN_005219-T1
FUN_005224-T1	K14294
FUN_005229-T1	K20368
FUN_005230-T1	K22382
FUN_005231-T1	K00649
FUN_005273-T1
FUN_005284-T1	K17781
FUN_005298-T1	K08497
FUN_005305-T1	K03539
FUN_005334-T1	K05302
FUN_005335-T1	K11314
FUN_005347-T1
FUN_005348-T1
FUN_005351-T1
FUN_005356-T1	K00022
FUN_005368-T1
FUN_005396-T1	K14777
FUN_005423-T1	K17480
FUN_005431-T1	K10313
FUN_005433-T1	K01112
FUN_005442-T1	K20994
FUN_005450-T1
FUN_005455-T1
FUN_005497-T1	K07190
FUN_005501-T1	K09881
FUN_005509-T1
FUN_005511-T1
FUN_005530-T1
FUN_005531-T1
FUN_005570-T1	K21872
FUN_005571-T1
FUN_005576-T1	K14799
FUN_005578-T1
FUN_005584-T1
FUN_005585-T1
FUN_005587-T1	K06820
FUN_005600-T1	K11481
FUN_005614-T1
FUN_005617-T1
FUN_005648-T1
FUN_005649-T1
FUN_005650-T1
FUN_005657-T1	K10746
FUN_005678-T1
FUN_005679-T1
FUN_005680-T1	K14324
FUN_005681-T1
FUN_005704-T1
FUN_005712-T1	K14561
FUN_005734-T1
FUN_005754-T1	K00967
FUN_005762-T1
FUN_005766-T1
FUN_005785-T1
FUN_005789-T1
FUN_005790-T1
FUN_005792-T1
FUN_005793-T1	K08076
FUN_005802-T1	K06054
FUN_005851-T1	K14616
FUN_005855-T1	K15326
FUN_005871-T1	K22040
FUN_005877-T1
FUN_005878-T1
FUN_005888-T1	K09304
FUN_005895-T1	K07819
FUN_005906-T1
FUN_005911-T1
FUN_005924-T1	K13025
FUN_005925-T1	K00166
FUN_005928-T1
FUN_005930-T1
FUN_005931-T1
FUN_005940-T1	K15084
FUN_005945-T1
FUN_005946-T1
FUN_005949-T1
FUN_005961-T1
FUN_005962-T1	K11801
FUN_005970-T1	K13348
FUN_005975-T1
FUN_005988-T1
FUN_006010-T1	K07422
FUN_006023-T1	K14539
FUN_006039-T1	K01313
FUN_006071-T1	K21278
FUN_006076-T1	K05849
FUN_006077-T1
FUN_006092-T1
FUN_006093-T1
FUN_006101-T1
FUN_006106-T1
FUN_006107-T1
FUN_006108-T1	K16687
FUN_006117-T1
FUN_006121-T1	K17361
FUN_006132-T1
FUN_006136-T1	K01057
FUN_006138-T1	K13937
FUN_006140-T1	K10522
FUN_006141-T1
FUN_006143-T1	K03111
FUN_006149-T1
FUN_006156-T1
FUN_006191-T1
FUN_006194-T1
FUN_006195-T1
FUN_006270-T1
FUN_006275-T1
FUN_006280-T1
FUN_006298-T1
FUN_006329-T1
FUN_006334-T1	K01869
FUN_006384-T1	K16766
FUN_006399-T1	K09646
FUN_006402-T1	K02431
FUN_006403-T1
FUN_006430-T1	K01183
FUN_006432-T1	K01183
FUN_006468-T1	K17297
FUN_006480-T1
FUN_006502-T1	K00859
FUN_006526-T1
FUN_006543-T1
FUN_006544-T1	K01070
FUN_006552-T1
FUN_006561-T1	K05019
FUN_006570-T1	K04438
FUN_006571-T1	K15336
FUN_006582-T1	K13524
FUN_006611-T1
FUN_006612-T1
FUN_006613-T1
FUN_006619-T1	K00901
FUN_006622-T1
FUN_006624-T1	K07435
FUN_006642-T1
FUN_006652-T1
FUN_006657-T1	K13157
FUN_006662-T1
FUN_006668-T1
FUN_006669-T1	K11495
FUN_006676-T1
FUN_006707-T1	K20317
FUN_006710-T1	K12586
FUN_006715-T1	K03240
FUN_006721-T1	K07920
FUN_006723-T1
FUN_006725-T1
FUN_006730-T1	K15159
FUN_006733-T1
FUN_006741-T1	K01132
FUN_006742-T1	K17966
FUN_006751-T1
FUN_006752-T1	K10400
FUN_006754-T1	K14027
FUN_006761-T1	K05016
FUN_006765-T1
FUN_006768-T1	K22860
FUN_006773-T1	K17081
FUN_006779-T1	K22037
FUN_006783-T1	K19761
FUN_006789-T1	K18655
FUN_006815-T1	K05060
FUN_006868-T1	K07556
FUN_006882-T1
FUN_006886-T1
FUN_006901-T1	K05692
FUN_006902-T1	K13237
FUN_006911-T1
FUN_006912-T1
FUN_006924-T1	K00287
FUN_006928-T1
FUN_006955-T1
FUN_006957-T1	K14611
FUN_006958-T1	K17597
FUN_006972-T1	K05700
FUN_006976-T1	K00774
FUN_006997-T1	K22190
FUN_007000-T1
FUN_007007-T1
FUN_007017-T1	K18156
FUN_007018-T1	K20405
FUN_007066-T1
FUN_007079-T1	K11869
FUN_007107-T1	K04674
FUN_007110-T1
FUN_007115-T1
FUN_007116-T1
FUN_007117-T1
FUN_007118-T1
FUN_007127-T1	K06631
FUN_007138-T1
FUN_007155-T1
FUN_007160-T1
FUN_007186-T1	K16810
FUN_007215-T1
FUN_007216-T1
FUN_007232-T1	K21773
FUN_007238-T1
FUN_007240-T1
FUN_007241-T1	K18343
FUN_007243-T1
FUN_007244-T1
FUN_007245-T1	K01464
FUN_007248-T1	K03439
FUN_007254-T1	K04226
FUN_007264-T1	K01148
FUN_007268-T1	K00799
FUN_007269-T1	K17973
FUN_007278-T1
FUN_007280-T1
FUN_007281-T1
FUN_007283-T1
FUN_007290-T1	K15180
FUN_007352-T1
FUN_007359-T1	K08835
FUN_007366-T1	K14829
FUN_007394-T1	K13137
FUN_007438-T1
FUN_007441-T1	K01890
FUN_007445-T1	K13091
FUN_007457-T1	K13117
FUN_007459-T1	K12375
FUN_007460-T1	K13142
FUN_007463-T1
FUN_007507-T1
FUN_007527-T1	K12046
FUN_007530-T1	K11338
FUN_007534-T1	K00008
FUN_007542-T1	K19519
FUN_007550-T1
FUN_007556-T1
FUN_007602-T1
FUN_007610-T1
FUN_007612-T1	K11166
FUN_007613-T1
FUN_007617-T1	K02374
FUN_007618-T1
FUN_007619-T1
FUN_007627-T1	K00318
FUN_007630-T1	K22970
FUN_007646-T1
FUN_007658-T1
FUN_007692-T1	K01373
FUN_007723-T1
FUN_007735-T1	K01363
FUN_007743-T1	K10685
FUN_007748-T1
FUN_007749-T1	K00272
FUN_007756-T1	K03910
FUN_007786-T1
FUN_007820-T1	K11600
FUN_007824-T1	K11514
FUN_007825-T1
FUN_007831-T1
FUN_007851-T1	K02449
FUN_007852-T1
FUN_007862-T1	K12373
FUN_007868-T1
FUN_007876-T1
FUN_007879-T1
FUN_007892-T1	K14565
FUN_007947-T1
FUN_007962-T1
FUN_007963-T1
FUN_007976-T1
FUN_007980-T1	K11485
FUN_007999-T1
FUN_008000-T1
FUN_008004-T1	K01639
FUN_008008-T1
FUN_008011-T1	K04491
FUN_008023-T1
FUN_008027-T1	K01896
FUN_008030-T1
FUN_008042-T1	K09458
FUN_008044-T1
FUN_008053-T1
FUN_008058-T1	K17972
FUN_008059-T1
FUN_008063-T1
FUN_008069-T1
FUN_008070-T1	K00884
FUN_008080-T1
FUN_008081-T1	K08462
FUN_008084-T1
FUN_008086-T1
FUN_008108-T1
FUN_008119-T1	K00605
FUN_008125-T1	K01881
FUN_008131-T1	K16831
FUN_008139-T1	K19269
FUN_008142-T1	K18259
FUN_008161-T1
FUN_008194-T1	K05033
FUN_008196-T1
FUN_008198-T1
FUN_008232-T1
FUN_008233-T1	K13134
FUN_008238-T1	K07511
FUN_008258-T1	K14351
FUN_008268-T1	K08583
FUN_008287-T1	K03351
FUN_008288-T1	K00002
FUN_008290-T1	K01689
FUN_008292-T1
FUN_008317-T1	K13280
FUN_008324-T1	K10634
FUN_008327-T1	K10283
FUN_008330-T1	K18327
FUN_008332-T1	K01514
FUN_008333-T1	K18449
FUN_008336-T1	K05677
FUN_008359-T1
FUN_008365-T1	K10348
FUN_008389-T1
FUN_008390-T1
FUN_008407-T1	K04984
FUN_008415-T1
FUN_008418-T1	K00020
FUN_008419-T1
FUN_008421-T1
FUN_008424-T1
FUN_008428-T1
FUN_008430-T1
FUN_008431-T1
FUN_008436-T1	K12862
FUN_008443-T1
FUN_008472-T1
FUN_008488-T1	K09510
FUN_008502-T1	K07937
FUN_008503-T1	K04437
FUN_008504-T1
FUN_008533-T1	K08597
FUN_008539-T1
FUN_008564-T1
FUN_008566-T1
FUN_008569-T1
FUN_008643-T1
FUN_008644-T1	K05175
FUN_008654-T1	K06675
FUN_008657-T1	K22538
FUN_008715-T1	K18932
FUN_008716-T1
FUN_008717-T1
FUN_008720-T1	K03128
FUN_008725-T1	K14312
FUN_008728-T1
FUN_008729-T1	K01599
FUN_008730-T1	K22188
FUN_008739-T1	K09499
FUN_008757-T1
FUN_008758-T1
FUN_008777-T1
FUN_008778-T1
FUN_008779-T1
FUN_008780-T1
FUN_008794-T1
FUN_008823-T1	K06943
FUN_008824-T1
FUN_008841-T1	K16498
FUN_008843-T1
FUN_008854-T1	K13370
FUN_008856-T1
FUN_008872-T1	K00288
FUN_008873-T1
FUN_008876-T1	K07002
FUN_008921-T1	K11838
FUN_008922-T1
FUN_008925-T1
FUN_008926-T1
FUN_008933-T1
FUN_008937-T1
FUN_008948-T1	K13676
FUN_008957-T1
FUN_008965-T1	K01691
FUN_008971-T1
FUN_009004-T1	K21919
FUN_009005-T1	K03768
FUN_009031-T1	K00059
FUN_009063-T1
FUN_009068-T1	K11317
FUN_009073-T1	K00816
FUN_009075-T1	K12867
FUN_009078-T1	K03016
FUN_009098-T1
FUN_009100-T1
FUN_009103-T1	K01966
FUN_009104-T1	K01904
FUN_009107-T1
FUN_009119-T1
FUN_009160-T1	K01313
FUN_009161-T1
FUN_009186-T1
FUN_009188-T1	K10105
FUN_009189-T1	K21871
FUN_009193-T1	K12827
FUN_009217-T1	K02214
FUN_009218-T1	K12599
FUN_009255-T1
FUN_009270-T1	K00109
FUN_009288-T1
FUN_009289-T1
FUN_009291-T1
FUN_009297-T1
FUN_009313-T1
FUN_009316-T1	K09228
FUN_009335-T1
FUN_009337-T1	K14020
FUN_009347-T1	K07966
FUN_009349-T1	K14554
FUN_009350-T1	K14554
FUN_009356-T1
FUN_009379-T1
FUN_009393-T1
FUN_009421-T1	K10749
FUN_009422-T1
FUN_009423-T1
FUN_009442-T1	K01580
FUN_009444-T1	K14838
FUN_009446-T1
FUN_009453-T1	K16578
FUN_009479-T1	K14553
FUN_009514-T1	K04392
FUN_009545-T1
FUN_009567-T1
FUN_009577-T1	K22594
FUN_009597-T1	K15713
FUN_009606-T1	K01358
FUN_009671-T1
FUN_009720-T1
FUN_009742-T1
FUN_009743-T1	K09650
FUN_009754-T1	K01045
FUN_009756-T1
FUN_009766-T1	K14789
FUN_009772-T1	K12871
FUN_009773-T1	K01594
FUN_009779-T1
FUN_009781-T1
FUN_009810-T1	K01365
FUN_009831-T1	K09645
FUN_009840-T1
FUN_009849-T1	K01482
FUN_009850-T1	K20298
FUN_009855-T1	K03115
FUN_009856-T1	K02326
FUN_009870-T1
FUN_009876-T1
FUN_009889-T1
FUN_009890-T1
FUN_009895-T1
FUN_009896-T1	K11257
FUN_009910-T1
FUN_009915-T1	K03256
FUN_009916-T1	K03256
FUN_009932-T1	K00746
FUN_009936-T1
FUN_009984-T1
FUN_009996-T1
FUN_010014-T1	K03766
FUN_010022-T1
FUN_010023-T1	K12842
FUN_010039-T1
FUN_010042-T1	K07023
FUN_010106-T1	K09321
FUN_010110-T1	K01783
FUN_010122-T1	K08851
FUN_010123-T1
FUN_010124-T1	K15687
FUN_010131-T1	K18465
FUN_010135-T1	K21770
FUN_010147-T1	K06584
FUN_010148-T1
FUN_010168-T1
FUN_010175-T1
FUN_010190-T1
FUN_010193-T1
FUN_010194-T1	K10866
FUN_010227-T1
FUN_010229-T1	K03935
FUN_010245-T1	K14849
FUN_010269-T1
FUN_010310-T1
FUN_010320-T1
FUN_010321-T1	K00022
FUN_010333-T1	K05858
FUN_010342-T1
FUN_010351-T1
FUN_010375-T1	K01942
FUN_010376-T1
FUN_010388-T1
FUN_010389-T1
FUN_010403-T1	K02434
FUN_010414-T1	K06084
FUN_010424-T1
FUN_010427-T1	K14613
FUN_010447-T1
FUN_010458-T1	K01620
FUN_010470-T1	K17805
FUN_010484-T1	K00232
FUN_010491-T1
FUN_010493-T1
FUN_010494-T1	K08496
FUN_010495-T1	K12456
FUN_010554-T1
FUN_010564-T1
FUN_010571-T1	K12563
FUN_010591-T1
FUN_010606-T1
FUN_010631-T1
FUN_010650-T1
FUN_010660-T1	K06173
FUN_010664-T1
FUN_010666-T1
FUN_010673-T1
FUN_010674-T1	K01092
FUN_010725-T1
FUN_010741-T1
FUN_010743-T1
FUN_010761-T1	K16756
FUN_010765-T1	K00306
FUN_010769-T1	K10257
FUN_010784-T1	K08360
FUN_010785-T1
FUN_010786-T1	K01847
FUN_010812-T1
FUN_010816-T1	K11964
FUN_010833-T1
FUN_010834-T1	K07611
FUN_010846-T1	K14085
FUN_010849-T1
FUN_010851-T1	K04082
FUN_010853-T1
FUN_010858-T1	K15201
FUN_010887-T1
FUN_010888-T1
FUN_010916-T1
FUN_010917-T1
FUN_010918-T1	K12076
FUN_010935-T1
FUN_010949-T1
FUN_010950-T1
FUN_010951-T1
FUN_010952-T1
FUN_010956-T1
FUN_010981-T1	K15382
FUN_010985-T1
FUN_010986-T1
FUN_010996-T1
FUN_011004-T1	K08674
FUN_011012-T1	K08135
FUN_011037-T1
FUN_011055-T1
FUN_011058-T1	K18406
FUN_011068-T1	K18586
FUN_011102-T1	K14555
FUN_011105-T1
FUN_011140-T1	K20872
FUN_011155-T1
FUN_011171-T1	K14685
FUN_011172-T1
FUN_011203-T1	K04980
FUN_011212-T1	K07466
FUN_011218-T1
FUN_011224-T1
FUN_011234-T1	K16621
FUN_011235-T1	K15032
FUN_011237-T1
FUN_011241-T1	K00323
FUN_011242-T1	K00031
FUN_011243-T1
FUN_011244-T1	K06110
FUN_011245-T1	K10318
FUN_011247-T1	K02541
FUN_011277-T1
FUN_011280-T1	K11147
FUN_011285-T1	K03008
FUN_011286-T1	K03595
FUN_011302-T1
FUN_011303-T1
FUN_011309-T1
FUN_011310-T1
FUN_011328-T1
FUN_011330-T1	K14394
FUN_011351-T1
FUN_011357-T1
FUN_011361-T1	K15153
FUN_011408-T1
FUN_011409-T1
FUN_011413-T1
FUN_011414-T1
FUN_011415-T1
FUN_011420-T1
FUN_011421-T1	K19306
FUN_011423-T1	K07936
FUN_011429-T1
FUN_011435-T1	K13345
FUN_011436-T1	K12392
FUN_011437-T1	K09498
FUN_011438-T1	K11793
FUN_011452-T1	K00382
FUN_011481-T1	K12393
FUN_011506-T1	K06174
FUN_011516-T1
FUN_011517-T1
FUN_011527-T1	K08737
FUN_011535-T1
FUN_011538-T1	K02366
FUN_011541-T1	K02366
FUN_011543-T1	K03801
FUN_011621-T1
FUN_011626-T1
FUN_011634-T1	K12615
FUN_011690-T1	K10147
FUN_011704-T1	K17941
FUN_011705-T1	K17435
FUN_011708-T1	K12876
FUN_011712-T1	K04944
FUN_011714-T1	K04659
FUN_011734-T1	K04978
FUN_011747-T1
FUN_011757-T1
FUN_011758-T1	K21442
FUN_011782-T1
FUN_011785-T1	K14443
FUN_011787-T1	K02324
FUN_011788-T1
FUN_011789-T1
FUN_011790-T1
FUN_011794-T1	K15448
FUN_011795-T1	K15407
FUN_011826-T1	K01897
FUN_011838-T1
FUN_011878-T1	K16584
FUN_011909-T1	K14821
FUN_011914-T1
FUN_011926-T1	K01376
FUN_011928-T1
FUN_011941-T1
FUN_011948-T1	K17563
FUN_011970-T1
FUN_011981-T1	K13514
FUN_011985-T1
FUN_011995-T1
FUN_011997-T1
FUN_012000-T1
FUN_012023-T1
FUN_012034-T1	K10770
FUN_012036-T1	K02564
FUN_012039-T1
FUN_012067-T1	K06695
FUN_012104-T1	K14165
FUN_012109-T1
FUN_012114-T1	K00227
FUN_012124-T1
FUN_012126-T1
FUN_012127-T1
FUN_012153-T1	K07514
FUN_012181-T1
FUN_012187-T1
FUN_012198-T1	K13706
FUN_012200-T1
FUN_012202-T1
FUN_012205-T1
FUN_012206-T1
FUN_012249-T1	K18060
FUN_012250-T1	K00949
FUN_012253-T1	K09529
FUN_012256-T1	K16802
FUN_012258-T1	K12504
FUN_012259-T1	K00602
FUN_012260-T1
FUN_012262-T1
FUN_012278-T1	K05610
FUN_012310-T1
FUN_012312-T1
FUN_012336-T1	K05025
FUN_012343-T1	K18399
FUN_012349-T1	K13872
FUN_012357-T1
FUN_012400-T1	K10768
FUN_012435-T1	K00784
FUN_012441-T1	K22762
FUN_012442-T1	K04999
FUN_012461-T1
FUN_012480-T1
FUN_012509-T1	K22817
FUN_012510-T1	K14805
FUN_012516-T1	K14296
FUN_012562-T1	K01557
FUN_012587-T1	K12590
FUN_012592-T1	K15029
FUN_012601-T1	K00026
FUN_012621-T1	K01874
FUN_012643-T1	K14860
FUN_012644-T1	K14946
FUN_012646-T1	K13238
FUN_012659-T1	K14209
FUN_012660-T1	K15118
FUN_012663-T1	K15161
FUN_012664-T1
FUN_012669-T1	K14763
FUN_012672-T1	K15040
FUN_012673-T1	K14304
FUN_012675-T1	K22290
FUN_012693-T1	K03142
FUN_012696-T1	K10727
FUN_012699-T1
FUN_012701-T1	K19599
FUN_012755-T1	K03189
FUN_012782-T1
FUN_012786-T1
FUN_012829-T1
FUN_012867-T1	K04874
FUN_012870-T1	K19410
FUN_012871-T1
FUN_012872-T1	K17404
FUN_012880-T1
FUN_012886-T1
FUN_012897-T1	K17406
FUN_012908-T1	K17578
FUN_012928-T1
FUN_012935-T1	K03120
FUN_012943-T1
FUN_012950-T1
FUN_012951-T1
FUN_012959-T1	K00803
FUN_012967-T1	K00953
FUN_012975-T1	K02222
FUN_012976-T1
FUN_012977-T1
FUN_012992-T1
FUN_012994-T1	K20839
FUN_012996-T1	K22197
FUN_013015-T1
FUN_013024-T1	K18995
FUN_013039-T1	K17410
FUN_013040-T1
FUN_013042-T1	K21970
FUN_013044-T1	K13524
FUN_013076-T1	K17981
FUN_013079-T1
FUN_013091-T1	K14525
FUN_013121-T1
FUN_013135-T1	K07942
FUN_013172-T1
FUN_013199-T1
FUN_013238-T1	K10736
FUN_013260-T1
FUN_013278-T1	K11789
FUN_013326-T1	K11806
FUN_013332-T1	K12757
FUN_013335-T1	K10174
FUN_013362-T1
FUN_013388-T1	K12400
FUN_013396-T1	K08106
FUN_013397-T1	K08106
FUN_013411-T1	K10281
FUN_013435-T1
FUN_013447-T1
FUN_013449-T1
FUN_013456-T1
FUN_013468-T1	K18163
FUN_013470-T1	K09567
FUN_013487-T1	K00294
FUN_013503-T1
FUN_013518-T1	K03966
FUN_013533-T1
FUN_013535-T1
FUN_013536-T1	K04851
FUN_013537-T1
FUN_013555-T1
FUN_013593-T1
FUN_013601-T1
FUN_013602-T1
FUN_013603-T1	K22744
FUN_013617-T1	K14356
FUN_013633-T1	K18486
FUN_013637-T1
FUN_013661-T1	K02907
FUN_013680-T1
FUN_013713-T1
FUN_013730-T1	K08776
FUN_013739-T1
FUN_013749-T1	K17256
FUN_013767-T1	K11458
FUN_013770-T1
FUN_013772-T1	K11787
FUN_013776-T1
FUN_013777-T1
FUN_013782-T1
FUN_013787-T1
FUN_013788-T1
FUN_013791-T1	K00797
FUN_013795-T1	K07819
FUN_013860-T1	K15101
FUN_013862-T1
FUN_013870-T1	K01887
FUN_013877-T1	K06287
FUN_013878-T1
FUN_013879-T1
FUN_013887-T1	K17887
FUN_013892-T1
FUN_013921-T1
FUN_013981-T1	K01196
FUN_014012-T1	K00764
FUN_014023-T1
FUN_014030-T1
FUN_014037-T1	K08024
FUN_014043-T1
FUN_014047-T1
FUN_014050-T1	K08955
FUN_014051-T1	K01968
FUN_014052-T1
FUN_014060-T1
FUN_014092-T1
FUN_014095-T1	K09586
FUN_014104-T1
FUN_014107-T1	K18410
FUN_014109-T1	K19933
FUN_014125-T1	K21052
FUN_014186-T1
FUN_014199-T1
FUN_014229-T1
FUN_014233-T1	K03283
FUN_014235-T1
FUN_014248-T1	K12835
FUN_014257-T1
FUN_014267-T1	K16795
FUN_014281-T1
FUN_014283-T1	K00225
FUN_014285-T1
FUN_014288-T1	K11529
FUN_014326-T1	K18932
FUN_014332-T1	K21595
FUN_014343-T1
FUN_014354-T1	K08654
FUN_014360-T1
FUN_014370-T1
FUN_014377-T1
FUN_014381-T1	K00876
FUN_014405-T1
FUN_014427-T1
FUN_014448-T1
FUN_014470-T1
FUN_014471-T1
FUN_014500-T1
FUN_014504-T1	K16904
FUN_014516-T1	K15523
FUN_014517-T1
FUN_014518-T1	K00688
FUN_014519-T1	K14832
FUN_014521-T1
FUN_014524-T1	K16914
FUN_014529-T1	K02963
FUN_014530-T1	K18179
FUN_014539-T1	K05765
FUN_014540-T1	K04962
FUN_014541-T1	K04962
FUN_014584-T1
FUN_014587-T1	K16812
FUN_014589-T1	K13122
FUN_014590-T1	K17824
FUN_014596-T1	K15148
FUN_014634-T1	K20642
FUN_014638-T1	K03264
FUN_014655-T1
FUN_014658-T1
FUN_014660-T1	K13355
FUN_014663-T1	K02608
FUN_014665-T1	K10867
FUN_014674-T1
FUN_014778-T1	K03650
FUN_014801-T1	K08874
FUN_014817-T1
FUN_014823-T1
FUN_014836-T1
FUN_014843-T1	K18328
FUN_014844-T1	K18066
FUN_014856-T1	K04564
FUN_014891-T1
FUN_014892-T1
FUN_014897-T1
FUN_014903-T1	K07208
FUN_014930-T1
FUN_014931-T1	K05312
FUN_014932-T1
FUN_014968-T1	K14388
FUN_014972-T1	K20840
FUN_014973-T1
FUN_014979-T1	K14677
FUN_014980-T1	K19013
FUN_014988-T1
FUN_015005-T1	K22615
FUN_015019-T1	K14310
FUN_015030-T1	K14824
FUN_015031-T1	K09414
FUN_015036-T1
FUN_015037-T1	K17784
FUN_015045-T1	K08635
FUN_015075-T1	K14284
FUN_015082-T1	K00799
FUN_015103-T1
FUN_015149-T1
FUN_015178-T1	K22656
FUN_015194-T1	K05542
FUN_015197-T1	K05125
FUN_015198-T1	K16865
FUN_015204-T1
FUN_015207-T1
FUN_015263-T1	K16757
FUN_015273-T1
FUN_015318-T1	K11972
FUN_015319-T1	K08288
FUN_015326-T1	K15430
FUN_015333-T1
FUN_015352-T1	K20777
FUN_015376-T1
FUN_015382-T1
FUN_015387-T1
FUN_015397-T1
FUN_015434-T1	K12160
FUN_015443-T1	K19983
FUN_015457-T1
FUN_015482-T1
FUN_015490-T1	K10846
FUN_015514-T1	K02212
FUN_015522-T1	K09676
FUN_015599-T1
FUN_015600-T1
FUN_015608-T1
FUN_015609-T1
FUN_015610-T1	K15196
FUN_015621-T1	K21548
FUN_015622-T1	K11583
FUN_015623-T1	K12179
FUN_015634-T1
FUN_015635-T1	K17548
FUN_015638-T1
FUN_015670-T1
FUN_015681-T1	K00544
FUN_015723-T1
FUN_015741-T1
FUN_015752-T1
FUN_015795-T1
FUN_015796-T1	K19695
FUN_015797-T1
FUN_015798-T1	K14298
FUN_015799-T1
FUN_015812-T1	K06674
FUN_015839-T1
FUN_015842-T1
FUN_015863-T1	K08507
FUN_015927-T1	K14768
FUN_015929-T1
FUN_015935-T1	K17751
FUN_015985-T1	K04804
FUN_015986-T1
FUN_015991-T1
FUN_015996-T1
FUN_015999-T1
FUN_016002-T1
FUN_016003-T1
FUN_016026-T1
FUN_016039-T1
FUN_016095-T1
FUN_016099-T1
FUN_016106-T1	K17796
FUN_016107-T1	K14548
FUN_016108-T1	K20221
FUN_016113-T1
FUN_016114-T1	K13177
FUN_016124-T1
FUN_016131-T1
FUN_016142-T1	K17600
FUN_016143-T1
FUN_016145-T1
FUN_016150-T1	K00963
FUN_016189-T1
FUN_016190-T1
FUN_016199-T1
FUN_016218-T1	K09068
FUN_016266-T1	K18621
FUN_016267-T1
FUN_016315-T1
FUN_016325-T1	K00555
FUN_016327-T1
FUN_016340-T1
FUN_016374-T1	K03351
FUN_016375-T1	K14300
FUN_016381-T1	K17536
FUN_016387-T1	K01025
FUN_016429-T1	K15447
FUN_016460-T1
FUN_016474-T1	K13133
FUN_016479-T1	K03005
FUN_016482-T1	K03020
FUN_016492-T1	K20316
FUN_016493-T1
FUN_016511-T1
FUN_016513-T1	K20704
FUN_016521-T1	K06082
FUN_016543-T1	K01673
FUN_016566-T1	K19930
FUN_016575-T1
FUN_016576-T1
FUN_016577-T1
FUN_016588-T1
FUN_016606-T1	K08585
FUN_016615-T1	K08554
FUN_016630-T1	K07199
FUN_016635-T1
FUN_016637-T1
FUN_016664-T1	K13051
FUN_016666-T1
FUN_016667-T1	K13293
FUN_016680-T1	K07178
FUN_016690-T1
FUN_016691-T1	K06278
FUN_016713-T1	K09562
FUN_016715-T1	K01379
FUN_016726-T1	K11981
FUN_016738-T1
FUN_016780-T1	K06692
FUN_016795-T1
FUN_016821-T1
FUN_016824-T1
FUN_016825-T1
FUN_016849-T1	K16674
FUN_016884-T1
FUN_016892-T1
FUN_016898-T1
FUN_016905-T1	K20349
FUN_016908-T1	K00831
FUN_016909-T1	K00873
FUN_016911-T1	K18646
FUN_016912-T1	K13886
FUN_016917-T1	K00456
FUN_016922-T1
FUN_016925-T1	K22560
FUN_016943-T1
FUN_016944-T1
FUN_016977-T1	K18666
FUN_016992-T1	K02830
FUN_017010-T1
FUN_017011-T1
FUN_017014-T1
FUN_017044-T1
FUN_017080-T1	K00522
FUN_017088-T1	K00522
FUN_017096-T1	K00485
FUN_017109-T1
FUN_017110-T1	K10752
FUN_017111-T1	K20068
FUN_017115-T1	K00626
FUN_017119-T1
FUN_017134-T1
FUN_017174-T1	K10277
FUN_017189-T1	K17408
FUN_017190-T1
FUN_017197-T1
FUN_017244-T1
FUN_017245-T1
FUN_017246-T1
FUN_017247-T1
FUN_017260-T1
FUN_017262-T1
FUN_017287-T1
FUN_017295-T1	K07541
FUN_017304-T1
FUN_017310-T1	K02537
FUN_017322-T1
FUN_017346-T1	K21594
FUN_017406-T1
FUN_017421-T1	K20232
FUN_017427-T1	K05635
FUN_017431-T1
FUN_017445-T1
FUN_017450-T1
FUN_017452-T1
FUN_017463-T1	K22533
FUN_017518-T1
FUN_017547-T1
FUN_017550-T1
FUN_017573-T1	K02433
FUN_017578-T1
FUN_017595-T1
FUN_017629-T1	K12896
FUN_017632-T1	K11413
FUN_017645-T1
FUN_017657-T1
FUN_017659-T1
FUN_017711-T1
FUN_017712-T1
FUN_017713-T1	K10373
FUN_017716-T1	K10310
FUN_017720-T1
FUN_017726-T1
FUN_017751-T1
FUN_017760-T1
FUN_017782-T1
FUN_017796-T1	K03250
FUN_017798-T1	K19007
FUN_017799-T1
FUN_017809-T1
FUN_017813-T1	K20347
FUN_017895-T1
FUN_017899-T1
FUN_017900-T1	K00814
FUN_017901-T1	K01301
FUN_017902-T1
FUN_017903-T1	K12864
FUN_017929-T1	K20773
FUN_017953-T1	K14943
FUN_017958-T1
FUN_017959-T1
FUN_017960-T1
FUN_017970-T1
FUN_017990-T1
FUN_017991-T1	K07305
FUN_017994-T1
FUN_018003-T1
FUN_018012-T1	K16676
FUN_018015-T1
FUN_018022-T1
FUN_018060-T1	K00031
FUN_018068-T1	K09570
FUN_018074-T1
FUN_018092-T1
FUN_018124-T1	K17782
FUN_018135-T1
FUN_018138-T1	K04994
FUN_018154-T1	K03242
FUN_018161-T1
FUN_018166-T1
FUN_018224-T1
FUN_018232-T1
FUN_018238-T1	K14771
FUN_018245-T1	K00027
FUN_018262-T1	K14855
FUN_018263-T1	K02881
FUN_018269-T1	K00999
FUN_018281-T1
FUN_018282-T1	K22037
FUN_018283-T1	K22037
FUN_018297-T1	K11450
FUN_018307-T1	K01937
FUN_018308-T1	K11405
FUN_018316-T1
FUN_018317-T1
FUN_018335-T1	K15603
FUN_018338-T1
FUN_018351-T1	K00551
FUN_018352-T1
FUN_018402-T1	K20093
FUN_018421-T1
FUN_018422-T1
FUN_018433-T1	K01431
FUN_018436-T1	K06944
FUN_018447-T1
FUN_018452-T1
FUN_018455-T1
FUN_018467-T1	K11687
FUN_018496-T1
FUN_018497-T1
FUN_018509-T1	K02333
FUN_018536-T1
FUN_018576-T1	K09091
FUN_018580-T1
FUN_018587-T1
FUN_018603-T1
FUN_018612-T1
FUN_018623-T1
FUN_018631-T1
FUN_018660-T1	K08531
FUN_018665-T1	K08619
FUN_018687-T1	K00002
FUN_018689-T1	K22147
FUN_018814-T1
FUN_018820-T1	K10756
FUN_018831-T1
FUN_018832-T1
FUN_018836-T1	K20180
FUN_018840-T1
FUN_018844-T1
FUN_018868-T1
FUN_018869-T1
FUN_018870-T1
FUN_018871-T1	K08791
FUN_018872-T1	K18161
FUN_018878-T1
FUN_018888-T1	K01412
FUN_018889-T1
FUN_018892-T1	K00939
FUN_018897-T1
FUN_018901-T1
FUN_018902-T1	K01875
FUN_018903-T1	K03248
FUN_018923-T1	K14554
FUN_018944-T1	K05284
FUN_018951-T1	K01676
FUN_018952-T1
FUN_018957-T1
FUN_018971-T1
FUN_019060-T1
FUN_019061-T1	K07192
FUN_019064-T1
FUN_019069-T1	K08869
FUN_019071-T1	K17083
FUN_019072-T1
FUN_019078-T1	K21922
FUN_019112-T1
FUN_019114-T1
FUN_019152-T1
FUN_019158-T1	K12849
FUN_019159-T1	K02603
FUN_019185-T1
FUN_019199-T1	K05122
FUN_019200-T1
FUN_019212-T1	K18464
FUN_019225-T1	K16804
FUN_019243-T1
FUN_019247-T1	K00863
FUN_019249-T1
FUN_019259-T1	K01759
FUN_019260-T1	K17807
FUN_019261-T1	K18167
FUN_019263-T1	K16576
FUN_019270-T1	K07554
FUN_019276-T1	K05287
FUN_019281-T1
FUN_019285-T1	K11096
FUN_019292-T1	K17262
FUN_019312-T1	K05606
FUN_019319-T1	K14544
FUN_019359-T1
FUN_019365-T1	K01900
FUN_019366-T1	K03002
FUN_019380-T1	K11550
FUN_019385-T1
FUN_019388-T1
FUN_019393-T1
FUN_019405-T1	K03870
FUN_019432-T1	K10053
FUN_019434-T1	K05925
FUN_019445-T1
FUN_019459-T1	K07914
FUN_019460-T1
FUN_019477-T1	K02098
FUN_019488-T1	K13343
FUN_019494-T1
FUN_019519-T1	K14568
FUN_019572-T1
FUN_019578-T1	K17820
FUN_019587-T1
FUN_019605-T1
FUN_019638-T1	K08544
FUN_019654-T1	K03678
FUN_019655-T1	K06627
FUN_019657-T1
FUN_019661-T1
FUN_019664-T1
FUN_019675-T1
FUN_019676-T1
FUN_019678-T1	K01769
FUN_019679-T1
FUN_019680-T1
FUN_019687-T1	K14545
FUN_019688-T1
FUN_019689-T1	K14404
FUN_019691-T1
FUN_019715-T1	K04883
FUN_019721-T1	K01803
FUN_019722-T1	K01855
FUN_019723-T1	K14864
FUN_019724-T1
FUN_019738-T1	K20164
FUN_019740-T1	K02503
FUN_019745-T1	K10151
FUN_019755-T1	K14077
FUN_019762-T1
FUN_019784-T1	K00326
FUN_019789-T1	K18405
FUN_019790-T1
FUN_019820-T1	K15324
FUN_019821-T1
FUN_019831-T1	K11848
FUN_019836-T1
FUN_019843-T1
FUN_019848-T1	K00728
FUN_019880-T1
FUN_019881-T1	K00471
FUN_019883-T1	K16670
FUN_019884-T1
FUN_019890-T1
FUN_019895-T1
FUN_019897-T1	K14795
FUN_019898-T1
FUN_019899-T1
FUN_019914-T1
FUN_019918-T1	K14844
FUN_019927-T1	K16586
FUN_019929-T1	K03237
FUN_019933-T1	K03469
FUN_019938-T1	K10808
FUN_019943-T1	K17046
FUN_019944-T1	K06067
FUN_019948-T1
FUN_019965-T1	K04958
FUN_019968-T1
FUN_019970-T1	K18405
FUN_019976-T1	K00615
FUN_020010-T1	K08115
FUN_020022-T1
FUN_020024-T1	K21439
FUN_020026-T1
FUN_020027-T1
FUN_020028-T1
FUN_020036-T1
FUN_020083-T1
FUN_020094-T1	K15191
FUN_020117-T1
FUN_020125-T1	K01392
FUN_020141-T1
FUN_020146-T1
FUN_020147-T1
FUN_020152-T1
FUN_020163-T1	K09517
FUN_020175-T1
FUN_020185-T1
FUN_020195-T1	K01408
FUN_020198-T1
FUN_020201-T1
FUN_020202-T1
FUN_020207-T1
FUN_020220-T1
FUN_020221-T1	K14440
FUN_020249-T1	K04224
FUN_020253-T1
FUN_020256-T1	K03251
FUN_020291-T1	K10390
FUN_020293-T1	K04510
FUN_020300-T1	K06874
FUN_020302-T1	K11518
FUN_020307-T1	K21932
FUN_020314-T1	K09542
FUN_020323-T1
FUN_020333-T1	K00231
FUN_020345-T1	K17681
FUN_020346-T1	K01338
FUN_020359-T1
FUN_020401-T1
FUN_020422-T1
FUN_020430-T1	K01876
FUN_020431-T1
FUN_020450-T1
FUN_020451-T1	K12567
FUN_020452-T1
FUN_020453-T1
FUN_020454-T1
FUN_020456-T1
FUN_020461-T1
FUN_020477-T1	K05605
FUN_020507-T1
FUN_020508-T1
FUN_020513-T1
FUN_020560-T1	K18204
FUN_020572-T1
FUN_020573-T1	K14169
FUN_020582-T1	K19612
FUN_020586-T1	K14403
FUN_020590-T1	K09571
FUN_020602-T1	K19867
FUN_020622-T1
FUN_020648-T1
FUN_020653-T1	K16912
FUN_020655-T1	K11462
FUN_020656-T1	K07114
FUN_020663-T1
FUN_020692-T1	K19245
FUN_020712-T1
FUN_020726-T1
FUN_020727-T1	K03308
FUN_020736-T1
FUN_020739-T1	K01493
FUN_020743-T1
FUN_020744-T1
FUN_020751-T1	K01587
FUN_020760-T1
FUN_020769-T1
FUN_020788-T1
FUN_020807-T1
FUN_020810-T1	K06928
FUN_020812-T1	K00962
FUN_020867-T1
FUN_020880-T1
FUN_020890-T1
FUN_020898-T1	K20295
FUN_020903-T1	K17418
FUN_020904-T1	K15032
FUN_020913-T1
FUN_020927-T1
FUN_020931-T1	K07925
FUN_020936-T1
FUN_020937-T1	K03127
FUN_020959-T1
FUN_020962-T1	K14841
FUN_020966-T1
FUN_020993-T1	K15289
FUN_020997-T1	K03341
FUN_021010-T1	K16529
FUN_021044-T1
FUN_021046-T1
FUN_021067-T1	K06676
FUN_021071-T1	K00021
FUN_021097-T1	K13516
FUN_021098-T1	K20135
FUN_021099-T1	K04405
FUN_021137-T1	K03234
FUN_021139-T1	K04531
FUN_021172-T1	K09662
FUN_021199-T1	K14767
FUN_021200-T1	K01763
FUN_021207-T1	K14833
FUN_021222-T1
FUN_021228-T1
FUN_021229-T1
FUN_021230-T1	K13298
FUN_021239-T1
FUN_021240-T1	K15202
FUN_021248-T1	K10790
FUN_021258-T1
FUN_021267-T1	K09502
FUN_021268-T1	K10659
FUN_021270-T1
FUN_021271-T1
FUN_021273-T1	K15266
FUN_021281-T1	K16897
FUN_021294-T1
FUN_021299-T1	K02184
FUN_021300-T1
FUN_021301-T1	K17566
FUN_021304-T1
FUN_021307-T1
FUN_021310-T1	K14840
FUN_021344-T1	K10756
FUN_021369-T1
FUN_021377-T1	K21444
FUN_021378-T1
FUN_021391-T1	K03942
FUN_021396-T1
FUN_021434-T1
FUN_021438-T1	K06997
FUN_021444-T1	K15617
FUN_021451-T1	K06252
FUN_021470-T1
FUN_021473-T1
FUN_021477-T1	K11858
FUN_021478-T1	K09276
FUN_021514-T1	K19832
FUN_021515-T1
FUN_021518-T1
FUN_021555-T1	K15537
FUN_021560-T1	K12562
FUN_021565-T1	K11224
FUN_021567-T1	K00757
FUN_021578-T1
FUN_021610-T1	K17426
FUN_021613-T1
FUN_021620-T1
FUN_021643-T1
FUN_021703-T1	K18667
FUN_021712-T1
FUN_021738-T1
FUN_021740-T1
FUN_021778-T1	K08428
FUN_021788-T1
FUN_021805-T1	K13127
FUN_021824-T1
FUN_021833-T1
FUN_021836-T1
FUN_021838-T1
FUN_021844-T1	K07560
FUN_021867-T1
FUN_021872-T1
FUN_021873-T1
FUN_021875-T1
FUN_021881-T1	K01880
FUN_021884-T1
FUN_021904-T1	K08669
FUN_021909-T1	K15262
FUN_021914-T1	K07375
FUN_021929-T1
FUN_021930-T1
FUN_021939-T1	K13517
FUN_021949-T1	K07523
FUN_021972-T1	K02213
FUN_021974-T1	K21486
FUN_021977-T1	K04675
FUN_022019-T1
FUN_022020-T1	K14445
FUN_022040-T1
FUN_022041-T1	K06638
FUN_022044-T1	K14848
FUN_022076-T1	K14550
FUN_022077-T1
FUN_022078-T1
FUN_022079-T1	K11375
FUN_022102-T1	K10738
FUN_022119-T1	K06766
FUN_022130-T1	K08752
FUN_022131-T1	K12485
FUN_022132-T1
FUN_022135-T1	K17794
FUN_022137-T1	K01697
FUN_022139-T1	K19721
FUN_022142-T1	K17553
FUN_022145-T1	K22990
FUN_022153-T1
FUN_022167-T1
FUN_022186-T1
FUN_022192-T1	K11851
FUN_022204-T1	K10739
FUN_022212-T1	K19511
FUN_022222-T1
FUN_022230-T1
FUN_022231-T1	K15201
FUN_022249-T1
FUN_022254-T1	K02258
FUN_022255-T1	K06944
FUN_022261-T1
FUN_022307-T1	K03144
FUN_022310-T1	K08498
FUN_022317-T1	K15980
FUN_022319-T1
FUN_022323-T1	K18740
FUN_022337-T1	K19719
FUN_022375-T1
FUN_022376-T1
FUN_022395-T1
FUN_022401-T1	K16518
FUN_022406-T1
FUN_022407-T1
FUN_022423-T1
FUN_022425-T1	K00286
FUN_022467-T1	K12836
FUN_022468-T1	K21915
FUN_022470-T1	K13205
FUN_022481-T1
FUN_022484-T1	K08524
FUN_022490-T1	K05125
FUN_022535-T1	K16541
FUN_022540-T1
FUN_022545-T1
FUN_022571-T1
FUN_022572-T1	K15075
FUN_022607-T1
FUN_022620-T1	K19998
FUN_022642-T1
FUN_022657-T1	K01487
FUN_022662-T1
FUN_022664-T1
FUN_022707-T1	K10381
FUN_022709-T1
FUN_022711-T1
FUN_022713-T1
FUN_022714-T1	K21249
FUN_022726-T1
FUN_022740-T1
FUN_022767-T1	K03943
FUN_022771-T1	K03934
FUN_022785-T1	K11729
FUN_022812-T1	K15538
FUN_022814-T1	K10606
FUN_022815-T1
FUN_022825-T1	K03849
FUN_022832-T1
FUN_022844-T1
FUN_022861-T1
FUN_022895-T1	K08025
FUN_022907-T1	K10980
FUN_022917-T1
FUN_022920-T1
FUN_022921-T1
FUN_022925-T1	K00898
FUN_022926-T1	K10728
FUN_022931-T1	K12741
FUN_022932-T1	K11586
FUN_022935-T1	K11832
FUN_022948-T1
FUN_022949-T1
FUN_022950-T1
FUN_022951-T1	K12186
FUN_022952-T1
FUN_022964-T1
FUN_022979-T1	K14808
FUN_022981-T1
FUN_022985-T1
FUN_022987-T1
FUN_022988-T1
FUN_023033-T1
FUN_023034-T1	K07588
FUN_023051-T1	K18703
FUN_023053-T1	K17461
FUN_023089-T1
FUN_023090-T1	K11434
FUN_023096-T1
FUN_023115-T1	K07524
FUN_023134-T1	K09668
FUN_023136-T1	K18162
FUN_023148-T1
FUN_023149-T1	K16860
FUN_023162-T1
FUN_023163-T1	K11419
FUN_023168-T1	K17307
FUN_023173-T1
FUN_023197-T1
FUN_023202-T1	K17545
FUN_023203-T1
FUN_023205-T1	K15369
FUN_023230-T1	K04728
FUN_023244-T1
FUN_023270-T1	K17496
FUN_023276-T1
FUN_023280-T1
FUN_023289-T1
FUN_023294-T1
FUN_023299-T1	K00852
FUN_023301-T1	K20352
FUN_023303-T1	K18184
FUN_023307-T1	K03424
FUN_023319-T1	K14843
FUN_023322-T1	K11669
FUN_023331-T1	K00798
FUN_023352-T1
FUN_023357-T1	K09069
FUN_023359-T1	K07555
FUN_023369-T1	K10389
FUN_023373-T1
FUN_023390-T1
FUN_023394-T1
FUN_023396-T1	K04345
FUN_023417-T1
FUN_023435-T1
FUN_023436-T1
FUN_023437-T1
FUN_023471-T1
FUN_023498-T1	K13131
FUN_023504-T1	K09228
FUN_023510-T1	K20315
FUN_023512-T1
FUN_023513-T1	K20803
FUN_023514-T1	K11374
FUN_023533-T1
FUN_023544-T1
FUN_023551-T1
FUN_023564-T1	K02606
FUN_023572-T1	K00228
FUN_023575-T1
FUN_023593-T1
FUN_023596-T1
FUN_023603-T1
FUN_023623-T1
FUN_023645-T1
FUN_023667-T1	K12484
FUN_023695-T1	K02884
FUN_023746-T1
FUN_023772-T1	K12591
FUN_023775-T1
FUN_023789-T1	K00408
FUN_023800-T1
FUN_023802-T1	K05110
FUN_023819-T1	K22806
FUN_023823-T1
FUN_023826-T1	K11435
FUN_023828-T1	K12589
FUN_023844-T1
FUN_023862-T1
FUN_023867-T1
FUN_023905-T1
FUN_023913-T1
FUN_023915-T1	K03575
FUN_023920-T1	K11725
FUN_023925-T1	K11470
FUN_023926-T1	K14564
FUN_023927-T1
FUN_023928-T1
FUN_023929-T1
FUN_023944-T1	K19895
FUN_023964-T1	K03094
FUN_023975-T1
FUN_023983-T1
FUN_023989-T1	K00432
FUN_023997-T1	K09058
FUN_024018-T1	K16572
FUN_024023-T1	K10874
FUN_024025-T1
FUN_024028-T1
FUN_024029-T1
FUN_024030-T1
FUN_024047-T1	K17285
FUN_024062-T1
FUN_024064-T1
FUN_024066-T1
FUN_024071-T1
FUN_024075-T1	K10401
FUN_024084-T1	K03377
FUN_024085-T1	K12189
FUN_024102-T1	K18342
FUN_024118-T1	K00235
FUN_024143-T1	K13136
FUN_024147-T1
FUN_024152-T1	K18403
FUN_024188-T1	K09488
FUN_024216-T1	K00715
FUN_024218-T1	K08842
FUN_024264-T1	K13148
FUN_024267-T1	K18808
FUN_024270-T1
FUN_024275-T1
FUN_024276-T1
FUN_024277-T1
FUN_024291-T1
FUN_024292-T1	K19952
FUN_024296-T1
FUN_024300-T1	K03979
FUN_024321-T1	K09524
FUN_024322-T1	K11161
FUN_024329-T1
FUN_024335-T1	K15025
FUN_024370-T1	K00084
FUN_024380-T1	K00139
FUN_024381-T1	K15203
FUN_024399-T1	K09250
FUN_024402-T1	K12817
FUN_024404-T1
FUN_024413-T1
FUN_024417-T1
FUN_024421-T1
FUN_024430-T1	K12837
FUN_024431-T1
FUN_024432-T1	K14775
FUN_024453-T1
FUN_024456-T1	K07179
FUN_024462-T1	K19502
FUN_024468-T1
FUN_024472-T1	K10905
FUN_024473-T1	K11351
FUN_024474-T1
FUN_024479-T1
FUN_024493-T1
FUN_024543-T1
FUN_024544-T1
FUN_024546-T1	K09497
FUN_024559-T1	K12491
FUN_024562-T1
FUN_024567-T1
FUN_024572-T1
FUN_024573-T1
FUN_024596-T1	K17879
FUN_024610-T1	K08469
FUN_024619-T1	K08568
FUN_024632-T1
FUN_024635-T1
FUN_024666-T1
FUN_024673-T1
FUN_024682-T1
FUN_024729-T1
FUN_024732-T1
FUN_024757-T1
FUN_024758-T1
FUN_024760-T1	K18166
FUN_024781-T1	K14863
FUN_024809-T1	K10994
FUN_024811-T1
FUN_024819-T1
FUN_024820-T1
FUN_024830-T1	K03255
FUN_024832-T1	K18723
FUN_024833-T1	K17289
FUN_024850-T1
FUN_024851-T1	K09494
FUN_024892-T1
FUN_024893-T1	K14301
FUN_024912-T1
FUN_024917-T1	K08799
FUN_024934-T1
FUN_024951-T1	K07313
FUN_024955-T1	K11414
FUN_024957-T1	K05760
FUN_024962-T1
FUN_024964-T1	K01409
FUN_024965-T1	K01409
FUN_024973-T1
FUN_024974-T1	K00759
FUN_024977-T1
FUN_024978-T1
FUN_024997-T1
FUN_024998-T1	K01251
FUN_025000-T1	K11831
FUN_025028-T1	K18203
FUN_025031-T1	K09452
FUN_025036-T1
FUN_025043-T1	K01578
FUN_025047-T1	K12505
FUN_025048-T1
FUN_025063-T1	K17585
FUN_025065-T1	K17254
FUN_025066-T1
FUN_025068-T1	K00940
FUN_025092-T1
FUN_025093-T1
FUN_025096-T1
FUN_025114-T1	K09113
FUN_025181-T1	K11508
FUN_025211-T1	K06698
FUN_025212-T1
FUN_025213-T1	K08608
FUN_025217-T1	K03954
FUN_025248-T1
FUN_025262-T1
FUN_025263-T1	K05271
FUN_025264-T1
FUN_025319-T1	K03869
FUN_025354-T1	K03347
FUN_025363-T1	K00846
FUN_025366-T1
FUN_025372-T1
FUN_025378-T1
FUN_025380-T1	K01597
FUN_025381-T1	K01597
FUN_025382-T1	K11438
FUN_025389-T1
FUN_025390-T1
FUN_025392-T1
FUN_025396-T1
FUN_025399-T1	K22870
FUN_025409-T1
FUN_025435-T1	K14573
FUN_025437-T1	K00016
FUN_025447-T1	K09500
FUN_025450-T1
FUN_025463-T1	K14285
FUN_025507-T1	K03593
FUN_025565-T1	K02896
FUN_025567-T1
FUN_025569-T1	K10340
FUN_025571-T1	K13129
FUN_025573-T1	K02895
FUN_025575-T1
FUN_025588-T1
FUN_025595-T1	K00894
FUN_025615-T1
FUN_025632-T1	K15107
FUN_025639-T1	K14302
FUN_025644-T1	K01271
FUN_025660-T1
FUN_025687-T1
FUN_025690-T1
FUN_025691-T1
FUN_025729-T1	K10380
FUN_025733-T1	K12796
FUN_025738-T1
FUN_025744-T1
FUN_025746-T1	K14964
FUN_025772-T1	K10302
FUN_025775-T1	K10951
FUN_025778-T1
FUN_025804-T1
FUN_025805-T1
FUN_025806-T1
FUN_025807-T1
FUN_025809-T1	K00700
FUN_025840-T1
FUN_025841-T1
FUN_025847-T1
FUN_025848-T1
FUN_025857-T1	K20364
FUN_025859-T1	K15028
FUN_025899-T1
FUN_025901-T1
FUN_025918-T1	K01510
FUN_025921-T1	K05312
FUN_025953-T1	K15608
FUN_025957-T1
FUN_025987-T1
FUN_025989-T1
FUN_025994-T1
FUN_026011-T1
FUN_026013-T1	K06037
FUN_026014-T1
FUN_026028-T1
FUN_026037-T1	K00432
FUN_026038-T1	K00253
FUN_026039-T1	K05766
FUN_026041-T1
FUN_026042-T1
FUN_026043-T1
FUN_026044-T1
FUN_026063-T1
FUN_026078-T1
FUN_026085-T1	K14569
FUN_026093-T1	K00710
FUN_026155-T1	K01052
FUN_026172-T1
FUN_026180-T1	K11290
FUN_026194-T1
FUN_026195-T1	K14819
FUN_026260-T1	K07375
FUN_026262-T1	K11878
FUN_026290-T1	K21946
FUN_026294-T1
FUN_026306-T1
FUN_026320-T1	K22808
FUN_026321-T1
FUN_026322-T1
FUN_026326-T1
FUN_026328-T1
FUN_026335-T1
FUN_026364-T1
FUN_026367-T1
FUN_026368-T1	K20719
FUN_026375-T1
FUN_026383-T1	K13236
FUN_026407-T1	K00072
FUN_026408-T1	K04078
FUN_026409-T1	K04077
FUN_026439-T1
FUN_026440-T1
FUN_026441-T1
FUN_026443-T1
FUN_026450-T1	K07119
FUN_026458-T1
FUN_026466-T1
FUN_026467-T1	K06883
FUN_026505-T1	K14650
FUN_026511-T1	K12666
FUN_026525-T1	K17505
FUN_026526-T1
FUN_026528-T1	K11294
FUN_026530-T1	K11064
FUN_026545-T1
FUN_026556-T1
FUN_026559-T1
FUN_026561-T1	K15363
FUN_026587-T1	K09001
FUN_026611-T1	K10273
FUN_026614-T1
FUN_026617-T1
FUN_026630-T1
FUN_026631-T1
FUN_026636-T1
FUN_026638-T1
FUN_026655-T1
FUN_026659-T1	K16762
FUN_026660-T1	K16762
FUN_026667-T1	K11504
FUN_026668-T1
FUN_026673-T1	K10898
FUN_026675-T1
FUN_026678-T1	K17619
FUN_026680-T1
FUN_026686-T1	K11086
FUN_026687-T1
FUN_026688-T1
FUN_026709-T1
FUN_026711-T1	K20247
FUN_026713-T1
FUN_026714-T1
FUN_026739-T1	K00140
FUN_026741-T1	K11274
FUN_026743-T1
FUN_026744-T1	K14546
FUN_026746-T1
FUN_026747-T1
FUN_026754-T1	K18159
FUN_026756-T1	K08744
FUN_026760-T1	K10667
FUN_026762-T1
FUN_026765-T1
FUN_026775-T1	K14692
FUN_026782-T1	K00698
FUN_026818-T1	K01565
FUN_026840-T1
FUN_026848-T1	K20217
FUN_026850-T1
FUN_026852-T1	K03165
FUN_026857-T1
FUN_026858-T1	K01179
FUN_026859-T1	K01179
FUN_026874-T1
FUN_026880-T1
FUN_026882-T1	K01834
FUN_026883-T1	K15102
FUN_026921-T1
FUN_026992-T1	K01593
FUN_027056-T1
FUN_027081-T1	K17413
FUN_027083-T1
FUN_027105-T1	K15142
FUN_027106-T1	K18384
FUN_027107-T1
FUN_027111-T1
FUN_027112-T1
FUN_027118-T1
FUN_027120-T1	K14402
FUN_027122-T1
FUN_027126-T1	K03353
FUN_027127-T1	K01809
FUN_027131-T1	K00357
FUN_027141-T1
FUN_027143-T1	K01719
FUN_027149-T1	K07964
FUN_027150-T1	K07965
FUN_027152-T1	K18808
FUN_027153-T1
FUN_027154-T1
FUN_027158-T1
FUN_027164-T1	K02211
FUN_027165-T1	K13702
FUN_027167-T1
FUN_027168-T1	K11307
FUN_027170-T1	K15693
FUN_027175-T1	K03926
FUN_027190-T1	K03155
FUN_027195-T1	K10104
FUN_027204-T1
FUN_027205-T1
FUN_027214-T1
FUN_027230-T1	K04858
FUN_027244-T1	K02519
FUN_027270-T1
FUN_027273-T1
FUN_027277-T1	K03871
FUN_027286-T1
FUN_027287-T1
FUN_027297-T1
FUN_027299-T1
FUN_027323-T1	K06238
FUN_027342-T1	K09654
FUN_027363-T1
FUN_027388-T1	K14552
FUN_027409-T1	K15167
FUN_027418-T1	K01426
FUN_027419-T1	K15528
FUN_027421-T1	K15528
FUN_027423-T1
FUN_027427-T1
FUN_027436-T1
FUN_027448-T1	K14776
FUN_027471-T1	K10990
FUN_027472-T1	K08735
FUN_027473-T1
FUN_027474-T1	K11538
FUN_027488-T1	K15009
FUN_027525-T1
FUN_027527-T1
FUN_027532-T1
FUN_027547-T1
FUN_027553-T1
FUN_027554-T1	K06243
FUN_027572-T1	K14538
FUN_027624-T1
FUN_027634-T1
FUN_027640-T1	K00850
FUN_027647-T1	K21031
FUN_027680-T1	K14810
FUN_027685-T1
FUN_027702-T1
FUN_027715-T1	K00669
FUN_027721-T1
FUN_027724-T1
FUN_027725-T1
FUN_027726-T1
FUN_027757-T1
FUN_027759-T1	K14549
FUN_027760-T1	K04523
FUN_027761-T1	K02332
FUN_027762-T1
FUN_027775-T1	K10755
FUN_027782-T1	K15414
FUN_027786-T1
FUN_027796-T1
FUN_027797-T1	K14857
FUN_027807-T1	K10413
FUN_027808-T1	K10413
FUN_027816-T1
FUN_027829-T1
FUN_027838-T1	K03948
FUN_027850-T1
FUN_027856-T1
FUN_027857-T1	K00108
FUN_027868-T1	K05607
FUN_027873-T1
FUN_027896-T1	K01810
FUN_027899-T1	K17044
FUN_027913-T1
FUN_027920-T1
FUN_027925-T1	K03452
FUN_027926-T1	K06927
FUN_027953-T1
FUN_027957-T1	K16819
FUN_027970-T1
FUN_027971-T1	K11997
FUN_027993-T1	K09647
FUN_027998-T1	K06460
FUN_028000-T1	K14313
FUN_028030-T1	K20407
FUN_028033-T1
FUN_028084-T1	K00025
FUN_028094-T1
FUN_028095-T1
FUN_028096-T1	K17726
FUN_028097-T1	K14618
FUN_028100-T1	K07426
FUN_028108-T1
FUN_028132-T1	K19872
FUN_028146-T1	K05656
FUN_028159-T1	K00624
FUN_028166-T1
FUN_028198-T1	K14794
FUN_028211-T1
FUN_028212-T1	K14856
FUN_028216-T1	K11316
FUN_028218-T1
FUN_028221-T1	K17778
FUN_028224-T1	K05853
FUN_028258-T1	K01619
FUN_028265-T1	K17431
FUN_028267-T1	K16574
FUN_028270-T1	K04830
FUN_028299-T1
FUN_028341-T1	K10695
FUN_028356-T1	K09532
FUN_028381-T1	K11087
FUN_028383-T1	K03097
FUN_028386-T1
FUN_028387-T1	K13646
FUN_028388-T1	K17401
FUN_028399-T1
FUN_028437-T1
FUN_028441-T1	K15216
FUN_028447-T1
FUN_028465-T1	K14820
FUN_028470-T1	K11271
FUN_028472-T1	K00993
FUN_028488-T1
FUN_028494-T1	K00597
FUN_028495-T1
FUN_028511-T1	K15436
FUN_028520-T1
FUN_028525-T1	K20526
FUN_028533-T1	K18164
FUN_028538-T1	K01870
FUN_028552-T1
FUN_028553-T1
FUN_028555-T1
FUN_028569-T1	K02367
FUN_028580-T1	K11515
FUN_028581-T1
FUN_028590-T1
FUN_028608-T1	K13208
FUN_028620-T1	K06827
FUN_028633-T1
FUN_028634-T1	K01024
FUN_028646-T1	K11291
FUN_028651-T1
FUN_028652-T1	K18617
FUN_028653-T1
FUN_028677-T1	K12948
FUN_028678-T1
FUN_028679-T1
FUN_028685-T1
FUN_028686-T1
FUN_028687-T1
FUN_028704-T1
FUN_028709-T1
FUN_028729-T1	K07520
FUN_028730-T1
FUN_028739-T1
FUN_028745-T1	K15437
FUN_028753-T1
FUN_028768-T1	K20314
FUN_028778-T1
FUN_028780-T1	K20826
FUN_028784-T1	K17655
FUN_028831-T1	K17583
FUN_028886-T1	K17405
FUN_028899-T1
FUN_028936-T1	K05954
FUN_028944-T1	K14527
FUN_028952-T1	K00573
FUN_028965-T1	K03245
FUN_028966-T1
FUN_028982-T1
FUN_028990-T1	K10278
FUN_028992-T1
FUN_029025-T1	K14834
FUN_029027-T1
FUN_029028-T1
FUN_029029-T1	K14831
FUN_029033-T1
FUN_029038-T1
FUN_029055-T1	K02358
FUN_029069-T1	K10750
FUN_029071-T1
FUN_029072-T1	K03023
FUN_029120-T1	K15177
FUN_029123-T1	K05701
FUN_029124-T1
FUN_029142-T1	K08187
FUN_029143-T1
FUN_029150-T1	K11390
FUN_029155-T1	K14572
FUN_029167-T1	K22755
FUN_029184-T1
FUN_029199-T1
FUN_029230-T1
FUN_029244-T1	K03648
FUN_029246-T1
FUN_029252-T1	K08064
FUN_029267-T1	K06059
FUN_029272-T1
FUN_029273-T1
FUN_029287-T1
FUN_029313-T1	K17495
FUN_029314-T1	K10859
FUN_029327-T1	K14430
FUN_029359-T1	K14399
FUN_029373-T1	K05627
FUN_029374-T1	K20031
FUN_029382-T1
FUN_029383-T1	K10773
FUN_029393-T1	K01112
FUN_029396-T1	K08131
FUN_029412-T1
FUN_029414-T1	K06867
FUN_029415-T1	K01262
FUN_029446-T1	K00387
FUN_029450-T1
FUN_029466-T1	K20409
FUN_029467-T1
FUN_029471-T1
FUN_029482-T1
FUN_029489-T1
FUN_029493-T1	K10100
FUN_029502-T1	K17420
FUN_029520-T1	K02677
FUN_029525-T1	K14570
FUN_029533-T1
FUN_029534-T1	K19219
FUN_029541-T1
FUN_029543-T1
FUN_029566-T1	K15901
FUN_029571-T1	K13960
FUN_029575-T1	K10085
FUN_029578-T1
FUN_029614-T1	K00149
FUN_029629-T1	K06051
FUN_029634-T1	K07918
FUN_029645-T1	K08823
FUN_029663-T1
FUN_029668-T1	K12880
FUN_029704-T1
FUN_029706-T1
FUN_029710-T1	K10257
FUN_029733-T1	K08967
FUN_029735-T1
FUN_029736-T1
FUN_029758-T1	K04802
FUN_029768-T1
FUN_029782-T1	K00274
FUN_029783-T1	K17823
FUN_029786-T1	K04403
FUN_029788-T1
FUN_029789-T1	K11499
FUN_029797-T1
FUN_029800-T1	K13144
FUN_029803-T1	K11790
FUN_029805-T1	K14289
FUN_029817-T1	K09260
FUN_029826-T1	K10847
FUN_029827-T1
FUN_029848-T1
FUN_029871-T1	K08558
FUN_029877-T1
FUN_029897-T1	K11836
FUN_029900-T1	K11836
FUN_029911-T1
FUN_029915-T1	K08202
FUN_029936-T1	K00889
FUN_029944-T1
FUN_029961-T1
FUN_029966-T1	K15380
FUN_029973-T1
FUN_029992-T1
FUN_029995-T1	K15122
FUN_030002-T1
FUN_030003-T1
FUN_030004-T1	K16573
FUN_030062-T1	K19619
FUN_030063-T1	K08872
FUN_030097-T1
FUN_030134-T1	K14846
FUN_030149-T1	K15208
FUN_030150-T1	K14816
FUN_030151-T1	K10605
FUN_030170-T1
FUN_030183-T1
FUN_030191-T1
FUN_030196-T1
FUN_030207-T1	K12857
FUN_030209-T1
FUN_030210-T1
FUN_030215-T1	K09493
FUN_030216-T1
FUN_030223-T1
FUN_030233-T1	K21991
FUN_030234-T1
FUN_030285-T1	K00827
FUN_030293-T1	K11519
FUN_030299-T1	K10647
FUN_030348-T1	K15074
FUN_030354-T1	K20129
FUN_030357-T1
FUN_030383-T1	K14322
FUN_030409-T1	K17306
FUN_030411-T1	K05766
FUN_030412-T1	K11108
FUN_030417-T1	K12299
FUN_030425-T1
FUN_030440-T1	K12877
FUN_030444-T1
FUN_030447-T1
FUN_030464-T1	K08175
FUN_030465-T1	K11259
FUN_030474-T1
FUN_030491-T1	K12733
FUN_030535-T1
FUN_030552-T1	K00591
FUN_030555-T1	K22855
FUN_030556-T1	K03136
FUN_030559-T1
FUN_030561-T1
FUN_030562-T1
FUN_030570-T1	K13697
FUN_030571-T1	K17387
FUN_030572-T1	K16734
FUN_030573-T1
FUN_030584-T1
FUN_030617-T1
FUN_030618-T1
FUN_030623-T1
FUN_030627-T1
FUN_030628-T1	K13373
FUN_030629-T1	K14827
FUN_030634-T1
FUN_030637-T1	K02513
FUN_030662-T1	K15695
FUN_030681-T1
FUN_030683-T1	K06058
FUN_030685-T1
FUN_030688-T1	K18622
FUN_030689-T1
FUN_030690-T1	K10660
FUN_030709-T1	K22037
FUN_030721-T1
FUN_030733-T1
FUN_030740-T1	K06772
FUN_030741-T1	K17776
FUN_030742-T1
FUN_030743-T1	K04070
FUN_030745-T1	K20630
FUN_030766-T1
FUN_030769-T1
FUN_030771-T1	K07508
FUN_030772-T1
FUN_030773-T1
FUN_030778-T1
FUN_030779-T1
FUN_030781-T1	K14862
FUN_030786-T1
FUN_030793-T1
FUN_030796-T1	K13247
FUN_030804-T1
FUN_030810-T1	K04439
FUN_030818-T1
FUN_030821-T1	K00750
FUN_030826-T1
FUN_030827-T1
FUN_030847-T1	K01874
FUN_030852-T1	K02935
FUN_030853-T1	K10609
FUN_030856-T1	K08189
FUN_030857-T1	K16913
FUN_030862-T1	K01165
FUN_030887-T1	K13748
FUN_030891-T1	K22415
FUN_030893-T1
FUN_030899-T1	K15010
FUN_030903-T1	K20226
FUN_030915-T1	K09008
FUN_030918-T1	K06265
FUN_030946-T1	K13616
FUN_030950-T1
FUN_030953-T1	K19788
FUN_030990-T1	K00020
FUN_031014-T1	K22073
FUN_031046-T1
FUN_031054-T1	K10398
FUN_031064-T1
FUN_031084-T1	K00802
FUN_031095-T1	K09624
FUN_031105-T1	K14021
FUN_031135-T1	K16569
FUN_031140-T1	K16609
FUN_031153-T1	K20177
FUN_031160-T1
FUN_031163-T1
FUN_031165-T1	K00733
FUN_031168-T1	K08041
FUN_031180-T1	K00560
FUN_031181-T1
FUN_031185-T1	K17613
FUN_031192-T1
FUN_031206-T1	K10871
FUN_031218-T1	K16794
FUN_031226-T1
FUN_031228-T1
FUN_031239-T1	K16524
FUN_031240-T1	K06107
FUN_031262-T1
FUN_031277-T1	K08574
FUN_031287-T1	K09579
FUN_031311-T1
FUN_031316-T1
FUN_031351-T1	K02183
FUN_031355-T1
FUN_031356-T1	K20007
FUN_031357-T1
FUN_031360-T1
FUN_031368-T1
FUN_031370-T1
FUN_031371-T1
FUN_031380-T1	K02180
FUN_031381-T1	K02963
FUN_031384-T1
FUN_031386-T1
FUN_031388-T1
FUN_031391-T1
FUN_031441-T1	K07831
FUN_031458-T1
FUN_031461-T1
FUN_031473-T1	K10843
FUN_031475-T1	K14358
FUN_031477-T1	K18420
FUN_031484-T1	K03231
FUN_031486-T1
FUN_031488-T1	K06252
FUN_031489-T1	K17263
FUN_031492-T1	K16186
FUN_031494-T1	K14797
FUN_031544-T1
FUN_031557-T1
FUN_031562-T1	K00599
FUN_031568-T1
FUN_031592-T1
FUN_031597-T1	K02685
FUN_031628-T1	K02133
FUN_031664-T1	K13299
FUN_031666-T1	K18665
FUN_031708-T1	K00547
FUN_031723-T1
FUN_031729-T1	K12751
FUN_031819-T1
FUN_031825-T1
FUN_031827-T1
FUN_031828-T1	K01165
FUN_031838-T1	K04727
FUN_031840-T1	K00049
FUN_031841-T1	K00049
FUN_031854-T1
FUN_031867-T1
FUN_031868-T1	K01262
FUN_031873-T1	K22862
FUN_031878-T1	K09191
FUN_031894-T1
FUN_031920-T1
FUN_031926-T1
FUN_031956-T1	K13146
FUN_031970-T1
FUN_032002-T1
FUN_032006-T1	K06694
FUN_032016-T1
FUN_032023-T1	K16581
FUN_032027-T1
FUN_032054-T1
FUN_032057-T1	K01011
FUN_032059-T1
FUN_032095-T1
FUN_032122-T1	K01427
FUN_032138-T1	K05289
FUN_032139-T1
FUN_032140-T1
FUN_032150-T1
FUN_032157-T1	K12736
FUN_032159-T1
FUN_032160-T1	K08789
FUN_032218-T1
FUN_032221-T1
FUN_032225-T1	K01775
FUN_032231-T1	K18055
FUN_032234-T1	K22910
FUN_032235-T1	K14774
FUN_032238-T1	K10397
FUN_032241-T1	K16477
FUN_032242-T1	K14571
FUN_032243-T1	K07442
FUN_032248-T1	K14841
FUN_032249-T1	K17964
FUN_032256-T1	K18484
FUN_032292-T1
FUN_032307-T1
FUN_032308-T1	K07253
FUN_032309-T1
FUN_032310-T1
FUN_032311-T1
FUN_032331-T1	K08852
FUN_032339-T1	K22761
FUN_032365-T1	K13103
FUN_032373-T1
FUN_032391-T1
FUN_032392-T1
FUN_032393-T1
FUN_032408-T1
FUN_032431-T1	K03141
FUN_032432-T1
FUN_032437-T1	K18080
FUN_032452-T1
FUN_032474-T1
FUN_032481-T1
FUN_032504-T1	K03017
FUN_032510-T1	K03262
FUN_032532-T1
FUN_032534-T1	K12373
FUN_032539-T1	K08963
FUN_032570-T1	K09070
FUN_032601-T1
FUN_032604-T1	K03850
FUN_032608-T1	K13130
FUN_032612-T1
FUN_032614-T1	K01446
FUN_032632-T1	K09299
FUN_032639-T1	K17606
FUN_032642-T1
FUN_032654-T1
FUN_032656-T1	K18208
FUN_032657-T1
FUN_032658-T1
FUN_032674-T1
FUN_032759-T1	K05323
FUN_032764-T1
FUN_032765-T1	K10666
FUN_032794-T1	K22182
FUN_032795-T1
FUN_032797-T1
FUN_032801-T1	K05465
FUN_032819-T1
FUN_032836-T1
FUN_032854-T1	K10758
FUN_032859-T1
FUN_032860-T1
FUN_032886-T1	K11173
FUN_032889-T1
FUN_032898-T1
FUN_032915-T1	K11254
FUN_032918-T1	K11253
FUN_032937-T1	K03025
FUN_032940-T1
FUN_032941-T1
FUN_032945-T1	K19984
FUN_032963-T1	K02956
FUN_032984-T1	K01021
FUN_033027-T1	K17885
FUN_033045-T1
FUN_033057-T1
FUN_033058-T1
FUN_033075-T1
FUN_033117-T1
FUN_033147-T1	K05312
FUN_033148-T1
FUN_033163-T1	K01022
FUN_033172-T1
FUN_033173-T1	K04615
FUN_033174-T1
FUN_033188-T1	K15109
FUN_033204-T1	K16072
FUN_033205-T1
FUN_033206-T1	K10873
FUN_033220-T1	K18180
FUN_033241-T1	K11426
FUN_033242-T1
FUN_033255-T1
FUN_033256-T1	K14574
FUN_033268-T1
FUN_033271-T1	K03644
FUN_033284-T1	K12585
FUN_033290-T1
FUN_033292-T1
FUN_033293-T1	K03847
FUN_033310-T1
FUN_033329-T1	K05746
FUN_033332-T1	K03109
FUN_033334-T1
FUN_033338-T1	K19532
FUN_033342-T1	K08960
FUN_033427-T1
FUN_033448-T1
FUN_033450-T1	K14835
FUN_033451-T1	K04536
FUN_033454-T1	K02186
FUN_033455-T1
FUN_033464-T1	K12845
FUN_033470-T1	K09404
FUN_033505-T1
FUN_033530-T1	K11487
FUN_033566-T1
FUN_033567-T1
FUN_033585-T1
FUN_033597-T1	K17622
FUN_033601-T1	K10144
FUN_033617-T1	K02602
FUN_033640-T1	K10305
FUN_033704-T1
FUN_033705-T1	K18729
FUN_033710-T1
FUN_033716-T1	K13221
FUN_033717-T1	K15979
FUN_033728-T1	K14567
FUN_033730-T1	K00451
FUN_033745-T1
FUN_033765-T1
FUN_033767-T1
FUN_033771-T1
FUN_033774-T1	K14463
FUN_033789-T1	K15338
FUN_033793-T1
FUN_033864-T1
FUN_033865-T1
FUN_033871-T1
FUN_033896-T1	K19347
FUN_033897-T1	K18914
FUN_033898-T1	K12462
FUN_033906-T1
FUN_033907-T1
FUN_033916-T1	K06640
FUN_033942-T1	K12870
FUN_033979-T1	K13159
FUN_033980-T1
FUN_033999-T1
FUN_034012-T1	K13354
FUN_034015-T1	K10203
FUN_034016-T1
FUN_034043-T1
FUN_034044-T1
FUN_034052-T1
FUN_034060-T1	K11503
FUN_034061-T1	K21644
FUN_034080-T1	K08797
FUN_034095-T1
FUN_034135-T1	K04144
FUN_034147-T1	K14406
FUN_034148-T1
FUN_034149-T1	K12830
FUN_034152-T1
FUN_034172-T1
FUN_034194-T1	K13192
FUN_034195-T1	K14575
FUN_034257-T1	K18710
FUN_034265-T1	K11321
FUN_034298-T1
FUN_034306-T1	K07071
FUN_034331-T1
FUN_034332-T1
FUN_034333-T1
FUN_034337-T1
FUN_034341-T1
FUN_034342-T1
FUN_034343-T1
FUN_034357-T1
FUN_034366-T1
FUN_034436-T1	K14696
FUN_034452-T1	K10369
FUN_034453-T1
FUN_034454-T1
FUN_034455-T1
FUN_034462-T1	K22888
FUN_034481-T1
FUN_034482-T1
FUN_034511-T1	K00472
FUN_034519-T1	K16343
FUN_034524-T1	K08858
FUN_034541-T1
FUN_034543-T1
FUN_034556-T1	K03007
FUN_034557-T1
FUN_034558-T1
FUN_034559-T1
FUN_034565-T1	K15108
FUN_034566-T1	K03253
FUN_034578-T1
FUN_034581-T1	K20368
FUN_034593-T1
FUN_034594-T1	K08117
FUN_034596-T1
FUN_034599-T1
FUN_034603-T1	K02432
FUN_034632-T1	K18744
FUN_034634-T1
FUN_034635-T1	K15119
FUN_034649-T1	K17790
FUN_034650-T1	K17809
FUN_034671-T1
FUN_034710-T1
FUN_034729-T1	K01142
FUN_034736-T1
FUN_034745-T1	K00693
FUN_034746-T1
FUN_034747-T1	K11490
FUN_034771-T1	K00856
FUN_034777-T1
FUN_034820-T1	K03259
FUN_034857-T1
FUN_034858-T1	K11090
FUN_034859-T1	K17080
FUN_034879-T1
FUN_034882-T1	K09219
FUN_034907-T1
FUN_034915-T1	K10885
FUN_034929-T1	K03178
FUN_034933-T1	K05850
FUN_034959-T1
FUN_034971-T1	K10332
FUN_034982-T1
FUN_034990-T1	K06238
FUN_035025-T1	K10744
FUN_035027-T1
FUN_035033-T1
FUN_035059-T1
FUN_035087-T1	K20288
FUN_035092-T1	K11590
FUN_035097-T1	K12176
FUN_035101-T1	K03024
FUN_035108-T1	K17804
FUN_035109-T1
FUN_035111-T1	K00699
FUN_035112-T1
FUN_035124-T1
FUN_035125-T1
FUN_035133-T1
FUN_035135-T1
FUN_035144-T1	K01298
FUN_035145-T1	K07442
FUN_035149-T1
FUN_035191-T1
FUN_035220-T1
FUN_035221-T1
FUN_035250-T1
FUN_035258-T1	K16316
FUN_035303-T1
FUN_035308-T1	K04513
FUN_035315-T1
FUN_035357-T1
FUN_035445-T1
FUN_035464-T1
FUN_035469-T1	K09531
FUN_035481-T1	K04987
FUN_035514-T1	K00261
FUN_035527-T1	K18752
FUN_035529-T1	K09662
FUN_035535-T1
FUN_035536-T1
FUN_035543-T1
FUN_035548-T1	K15135
FUN_035562-T1
FUN_035565-T1	K14850
FUN_035566-T1	K02911
FUN_035567-T1	K01915
FUN_035584-T1	K16606
FUN_035588-T1
FUN_035589-T1	K10884
FUN_035625-T1	K03015
FUN_035633-T1	K04131
FUN_035648-T1	K13139
FUN_035678-T1
FUN_035679-T1	K03509
FUN_035685-T1	K03027
FUN_035719-T1
FUN_035739-T1	K12405
FUN_035740-T1	K10272
FUN_035758-T1
FUN_035762-T1
FUN_035777-T1
FUN_035816-T1
FUN_035817-T1	K10645
FUN_035819-T1
FUN_035822-T1	K20780
FUN_035905-T1
FUN_035908-T1	K15341
FUN_035909-T1
FUN_035931-T1	K05609
FUN_035936-T1
FUN_035940-T1
FUN_035943-T1
FUN_035944-T1
FUN_035945-T1	K02902
FUN_035946-T1
FUN_035966-T1
FUN_035967-T1
FUN_035971-T1
FUN_035974-T1
FUN_035979-T1	K05931
FUN_035988-T1	K14306
FUN_035992-T1
FUN_036014-T1	K22017
FUN_036017-T1
FUN_036021-T1
FUN_036022-T1	K15131
FUN_036025-T1	K20222
FUN_036051-T1
FUN_036056-T1	K13346
FUN_036057-T1
FUN_036058-T1
FUN_036068-T1
FUN_036072-T1	K21415
FUN_036075-T1	K14765
FUN_036077-T1
FUN_036087-T1
FUN_036088-T1
FUN_036096-T1	K00857
FUN_036097-T1	K05687
FUN_036107-T1	K04585
FUN_036124-T1	K12584
FUN_036130-T1
FUN_036133-T1	K04799
FUN_036165-T1
FUN_036192-T1
FUN_036197-T1
FUN_036202-T1
FUN_036212-T1	K14852
FUN_036234-T1
FUN_036247-T1	K20184
FUN_036332-T1
FUN_036364-T1
FUN_036373-T1	K14792
FUN_036374-T1	K14792
FUN_036377-T1	K04145
FUN_036384-T1	K04043
FUN_036385-T1
FUN_036388-T1	K03308
FUN_036395-T1
FUN_036427-T1
FUN_036429-T1
FUN_036430-T1	K14559
FUN_036477-T1	K02684
FUN_036484-T1	K05655
FUN_036489-T1	K17279
FUN_036508-T1	K01202
FUN_036551-T1	K01519
FUN_036552-T1	K11493
FUN_036572-T1	K00927
FUN_036591-T1
FUN_036612-T1
FUN_036654-T1	K14837
FUN_036676-T1	K13403
FUN_036678-T1	K14286
FUN_036679-T1
FUN_036683-T1	K04194
FUN_036685-T1
FUN_036694-T1	K03940
FUN_036708-T1	K13124
FUN_036709-T1	K10277
FUN_036717-T1	K21412
FUN_036734-T1	K19737
FUN_036750-T1	K13577
FUN_036772-T1
FUN_036775-T1	K00799
FUN_036779-T1	K13444
FUN_036797-T1
FUN_036803-T1	K02331
FUN_036829-T1
FUN_036847-T1
FUN_036848-T1
FUN_036860-T1	K20465
FUN_036870-T1
FUN_036872-T1	K10226
FUN_036873-T1
FUN_036874-T1	K08469
FUN_036884-T1
FUN_036885-T1	K08266
FUN_036886-T1
FUN_036890-T1
FUN_036898-T1
FUN_036919-T1
FUN_036932-T1	K18749
FUN_036955-T1	K02328
FUN_036973-T1
FUN_036995-T1
FUN_037028-T1	K11187
FUN_037054-T1
FUN_037066-T1	K06126
FUN_037068-T1
FUN_037069-T1	K14290
FUN_037070-T1
FUN_037071-T1
FUN_037097-T1	K08857
FUN_037109-T1	K21121
FUN_037111-T1	K10087
FUN_037112-T1	K09140
FUN_037122-T1
FUN_037129-T1	K04936
FUN_037130-T1
FUN_037131-T1
FUN_037132-T1
FUN_037138-T1
FUN_037139-T1	K01965
FUN_037140-T1
FUN_037141-T1
FUN_037165-T1	K15442
FUN_037186-T1
FUN_037187-T1
FUN_037195-T1	K09228
FUN_037215-T1
FUN_037217-T1
FUN_037221-T1	K03626
FUN_037231-T1	K02209
FUN_037239-T1	K00552
FUN_037248-T1	K00629
FUN_037252-T1	K10761
FUN_037270-T1
FUN_037282-T1
FUN_037284-T1
FUN_037312-T1	K06072
FUN_037316-T1
FUN_037317-T1
FUN_037318-T1	K17616
FUN_037324-T1	K02091
FUN_037329-T1
FUN_037333-T1
FUN_037339-T1
FUN_037346-T1	K11303
FUN_037355-T1	K05768
FUN_037357-T1
FUN_037358-T1
FUN_037359-T1
FUN_037371-T1
FUN_037378-T1
FUN_037382-T1	K02539
FUN_037393-T1
FUN_037423-T1
FUN_037424-T1	K11373
FUN_037444-T1	K07374
FUN_037446-T1	K01432
FUN_037448-T1	K12165
FUN_037453-T1
FUN_037469-T1
FUN_037472-T1	K14782
FUN_037475-T1
FUN_037496-T1	K08734
FUN_037531-T1
FUN_037540-T1	K07512
FUN_037566-T1	K00234
FUN_037572-T1	K22145
FUN_037574-T1
FUN_037587-T1	K14536
FUN_037591-T1
FUN_037592-T1
FUN_037593-T1
FUN_037613-T1
FUN_037616-T1	K22865
FUN_037618-T1
FUN_037619-T1	K17653
FUN_037640-T1	K10319
FUN_037689-T1
FUN_037696-T1	K15030
FUN_037701-T1	K14293
FUN_037705-T1
FUN_037724-T1
FUN_037729-T1	K01623
FUN_037770-T1
FUN_037773-T1
FUN_037774-T1
FUN_037802-T1	K13341
FUN_037816-T1	K02355
FUN_037819-T1
FUN_037827-T1
FUN_037840-T1	K09666
FUN_037856-T1	K16483
FUN_037859-T1
FUN_037868-T1	K19985
FUN_037883-T1	K15263
FUN_037887-T1
FUN_037889-T1
FUN_037937-T1	K14295
FUN_037942-T1
FUN_037992-T1
FUN_037999-T1	K16480
FUN_038000-T1	K12345
FUN_038001-T1	K10268
FUN_038002-T1
FUN_038003-T1	K11273
FUN_038019-T1	K13201
FUN_038033-T1	K06237
FUN_038057-T1
FUN_038064-T1	K14309
FUN_038095-T1
FUN_038106-T1	K04676
FUN_038117-T1
FUN_038149-T1	K20308
FUN_038181-T1	K08428
FUN_038185-T1	K07424
FUN_038222-T1	K06184
FUN_038228-T1
FUN_038229-T1
FUN_038230-T1
FUN_038233-T1	K07252
FUN_038248-T1	K01596
FUN_038275-T1	K16575
FUN_038277-T1	K15447
FUN_038284-T1
FUN_038285-T1
FUN_038290-T1
FUN_038307-T1	K01893
FUN_038308-T1	K20397
FUN_038310-T1
FUN_038311-T1	K15698
FUN_038326-T1
FUN_038335-T1	K15559
FUN_038336-T1	K03011
FUN_038344-T1	K10895
FUN_038351-T1	K01081
FUN_038352-T1
FUN_038353-T1
FUN_038369-T1	K18404
FUN_038374-T1	K00666
FUN_038389-T1
FUN_038391-T1
FUN_038398-T1	K01303
FUN_038403-T1	K12627
FUN_038405-T1	K05723
FUN_038422-T1	K10578
FUN_038439-T1
FUN_038458-T1
FUN_038467-T1
FUN_038484-T1
FUN_038502-T1
FUN_038503-T1
FUN_038506-T1
FUN_038509-T1
FUN_038510-T1	K17591
FUN_038536-T1	K00784
FUN_038541-T1	K07921
FUN_038552-T1
FUN_038561-T1
FUN_038562-T1	K07997
FUN_038579-T1
FUN_038611-T1	K17491
FUN_038616-T1	K05399
FUN_038617-T1
FUN_038630-T1
FUN_038640-T1	K09272
FUN_038641-T1	K17599
FUN_038643-T1	K14387
FUN_038660-T1	K13147
FUN_038661-T1	K13147
FUN_038679-T1	K09597
FUN_038684-T1	K21027
FUN_038692-T1
FUN_038693-T1	K17759
FUN_038708-T1
FUN_038742-T1	K15198
FUN_038779-T1
FUN_038782-T1	K10579
FUN_038787-T1
FUN_038790-T1
FUN_038793-T1
FUN_038805-T1
FUN_038809-T1	K00103
FUN_038818-T1	K15707
FUN_038827-T1	K07739
FUN_038838-T1
FUN_038850-T1	K19323
FUN_038851-T1	K08683
FUN_038852-T1	K15425
FUN_038861-T1	K17614
FUN_038864-T1	K02357
FUN_038866-T1	K13858
FUN_038871-T1	K21844
FUN_038899-T1
FUN_038902-T1	K14213
FUN_038907-T1
FUN_038909-T1	K12301
FUN_038960-T1	K00611
FUN_038965-T1	K05763
FUN_038971-T1	K14165
FUN_038996-T1
FUN_039033-T1	K11097
FUN_039040-T1
FUN_039046-T1
FUN_039055-T1
FUN_039056-T1
FUN_039057-T1	K21894
FUN_039064-T1	K19001
FUN_039073-T1	K03130
FUN_039074-T1	K07889
FUN_039095-T1	K14611
FUN_039098-T1
FUN_039099-T1	K05099
FUN_039108-T1	K14859
FUN_039118-T1
FUN_039179-T1
FUN_039213-T1	K15306
FUN_039223-T1
FUN_039225-T1
FUN_039245-T1	K09506
FUN_039286-T1	K09592
FUN_039290-T1	K01875
FUN_039291-T1
FUN_039323-T1
FUN_039335-T1
FUN_039340-T1	K01054
FUN_039367-T1	K11293
FUN_039395-T1	K16738
FUN_039466-T1	K14638
FUN_039467-T1	K13111
FUN_039471-T1
FUN_039483-T1
FUN_039490-T1	K18595
FUN_039517-T1
FUN_039531-T1
FUN_039532-T1	K13421
FUN_039547-T1	K14319
FUN_039549-T1	K14319
FUN_039550-T1
FUN_039559-T1
FUN_039575-T1	K13339
FUN_039576-T1	K10844
FUN_039582-T1
FUN_039589-T1	K01958
FUN_039596-T1
FUN_039604-T1	K04661
FUN_039606-T1
FUN_039610-T1	K17286
FUN_039620-T1
FUN_039642-T1
FUN_039654-T1
FUN_039689-T1
FUN_039700-T1	K09648
FUN_039702-T1	K22823
FUN_039704-T1
FUN_039716-T1	K02999
FUN_039722-T1
FUN_039723-T1	K06875
FUN_039725-T1	K03514
FUN_039728-T1	K17560
FUN_039742-T1
FUN_039743-T1	K04508
FUN_039749-T1	K20526
FUN_039754-T1
FUN_039794-T1
FUN_039800-T1
FUN_039801-T1
FUN_039805-T1
FUN_039806-T1
FUN_039826-T1	K14766
FUN_039827-T1
FUN_039828-T1	K06210
FUN_039836-T1	K16732
FUN_039840-T1
FUN_039850-T1	K10908
FUN_039854-T1	K14395
FUN_039857-T1	K02085
FUN_039864-T1	K14430
FUN_039876-T1	K10402
FUN_039877-T1
FUN_039882-T1
FUN_039889-T1
FUN_039907-T1	K04416
FUN_039937-T1	K01697
FUN_039962-T1	K12854
FUN_039975-T1
FUN_039987-T1	K01259
FUN_039992-T1	K00710
FUN_040016-T1	K20821
FUN_040018-T1	K15699
FUN_040022-T1
FUN_040048-T1
FUN_040103-T1	K16733
FUN_040128-T1
FUN_040129-T1	K12821
FUN_040133-T1
FUN_040139-T1
FUN_040144-T1	K17776
FUN_040158-T1
FUN_040159-T1	K12855
FUN_040240-T1	K17795
FUN_040241-T1	K10627
FUN_040245-T1	K19029
FUN_040270-T1
FUN_040276-T1
FUN_040279-T1
FUN_040284-T1	K00181
FUN_040294-T1	K10364
FUN_040297-T1	K09680
FUN_040302-T1	K17495
FUN_040309-T1
FUN_040311-T1	K02599
FUN_040316-T1
FUN_040339-T1	K08601
FUN_040341-T1
FUN_040346-T1
FUN_040358-T1	K01011
FUN_040359-T1	K12856
FUN_040360-T1	K08470
FUN_040375-T1
FUN_040437-T1
FUN_040458-T1	K01915
FUN_040466-T1
FUN_040467-T1	K01889
FUN_040468-T1
FUN_040469-T1
FUN_040482-T1	K01251
FUN_040484-T1
FUN_040490-T1	K00128
FUN_040494-T1	K04280
FUN_040495-T1
FUN_040496-T1
FUN_040504-T1
FUN_040505-T1
FUN_040546-T1
FUN_040547-T1
FUN_040551-T1
FUN_040552-T1
FUN_040566-T1
FUN_040582-T1	K10769
FUN_040583-T1
FUN_040586-T1	K10258
FUN_040595-T1	K01889
FUN_040596-T1	K13348
FUN_040609-T1	K00327
FUN_040611-T1	K13174
FUN_040625-T1	K04794
FUN_040639-T1	K10175
FUN_040651-T1
FUN_040692-T1	K13356
FUN_040698-T1	K01231
FUN_040706-T1
FUN_040710-T1	K04482
FUN_040714-T1	K14801
FUN_040717-T1	K10745
FUN_040774-T1	K17711
FUN_040815-T1	K12571
FUN_040850-T1
FUN_040852-T1	K10453
FUN_040853-T1
FUN_040855-T1
FUN_040860-T1
FUN_040861-T1
FUN_040862-T1	K07870
FUN_040864-T1
FUN_040865-T1	K13963
FUN_040871-T1
FUN_040872-T1
FUN_040884-T1
FUN_040894-T1
FUN_040898-T1
FUN_040904-T1
FUN_040907-T1
FUN_040908-T1
FUN_040910-T1
FUN_040911-T1	K15255
FUN_040913-T1
FUN_040918-T1	K04874
FUN_040924-T1
FUN_040928-T1
FUN_040933-T1	K10900
FUN_040940-T1
FUN_040948-T1
FUN_040952-T1
FUN_040954-T1
FUN_040955-T1
FUN_040962-T1
FUN_040966-T1	K01008
